condition,seed,accuracy,macro_precision,macro_recall,macro_f1,best_epoch,stopped_epoch,f1_class_0,f1_class_1,f1_class_2,f1_class_3,f1_class_4,f1_class_5,f1_class_6,f1_class_7,f1_class_8,f1_class_9
baseline,42,0.5806403351286654,0.31361874004743273,0.279137299303559,0.2835521689910022,33,43,0.8833539603960396,0.2550335570469799,0.2980392156862745,0.24257425742574257,0.05821917808219178,0.05548216644649934,0.5574288724973656,0.0,0.3218390804597701,0.16355140186915887
baseline,43,0.5882704967085578,0.28346492695991976,0.2830435428689579,0.26788431270149815,25,35,0.8940324358368761,0.2174757281553398,0.24150943396226415,0.22719141323792486,0.012,0.03215434083601286,0.6294906166219839,0.0,0.315203955500618,0.10978520286396182
baseline,44,0.5834829443447038,0.2882312451576632,0.28463396609536273,0.28021846056330607,37,47,0.8890249502525639,0.1978798586572438,0.2532467532467532,0.2604735883424408,0.044444444444444446,0.08053691275167785,0.5027624309392266,0.022727272727272728,0.378839590443686,0.1722488038277512
baseline,45,0.5644823459006583,0.27639711242264553,0.2615659425989923,0.25526072513711373,21,31,0.8701476632668594,0.20521739130434782,0.20833333333333334,0.16021602160216022,0.04660194174757282,0.0481283422459893,0.5300113250283126,0.0,0.32826261008807045,0.15568862275449102
baseline,46,0.5896169958108917,0.30551583172917857,0.2810096402035983,0.28242911539498256,37,47,0.8884504477158901,0.17061611374407584,0.3041825095057034,0.27697262479871176,0.027874564459930314,0.06959152798789713,0.5505226480836237,0.0,0.3663194444444444,0.16976127320954906
baseline,47,0.5815380011968881,0.27213631350473094,0.2705554417567111,0.265954354292099,27,37,0.8777662260507946,0.20454545454545456,0.2408026755852843,0.22692889561270801,0.010309278350515464,0.093603744149766,0.4868651488616462,0.0,0.3441938178780284,0.17452830188679244
baseline,48,0.5686714542190305,0.2730548217016878,0.2702121377735832,0.2571252342799871,26,36,0.8716728624535316,0.1791044776119403,0.26143790849673204,0.21061792863359444,0.015655577299412915,0.038535645472061654,0.48322147651006714,0.015503875968992248,0.3514696685428393,0.1440329218106996
baseline,49,0.5915619389587073,0.3074871458998278,0.2961860518410654,0.2885675774791222,93,100,0.8926777287258335,0.18512898330804248,0.265625,0.20185029436501262,0.09854014598540146,0.09705372616984402,0.5459837019790454,0.027210884353741496,0.39267886855241263,0.17892644135188868
baseline,50,0.5947037701974865,0.28804022688714015,0.29609541187650507,0.28702926915978844,93,100,0.8977220608469653,0.1752738654147105,0.2521489971346705,0.24128686327077747,0.07628524046434494,0.08472012102874432,0.5450399087799316,0.03076923076923077,0.3943191311612364,0.17272727272727273
baseline,51,0.6032315978456014,0.30045167299410924,0.3142513335350413,0.29556299291733407,61,71,0.8995094160468429,0.2119460500963391,0.2631578947368421,0.23805532271584243,0.052060737527114966,0.08290155440414508,0.6307692307692307,0.03225806451612903,0.3558368495077356,0.1891348088531187
undersample,42,0.5457809694793537,0.278466631261775,0.295660770707366,0.2639712943284457,49,59,0.8717537672330875,0.18928571428571428,0.21304347826086956,0.15160955347871236,0.046948356807511735,0.07260726072607261,0.5075987841945289,0.050314465408805034,0.3671607753705815,0.16939078751857356
undersample,43,0.5477259126271694,0.27332838074698784,0.2872438378410062,0.2578358900608323,31,41,0.88224,0.1743119266055046,0.20537897310513448,0.10792951541850221,0.04107424960505529,0.047217537942664416,0.5707831325301205,0.03755868544600939,0.3611111111111111,0.1507537688442211
undersample,44,0.5656792339916218,0.28331613323564153,0.2969429381734622,0.2712849964471681,66,76,0.8948220064724919,0.16193181818181818,0.19072164948453607,0.13485477178423236,0.06896551724137931,0.06741573033707865,0.6366880799428979,0.034482758620689655,0.36820572764465226,0.15476190476190477
undersample,45,0.5583482944344704,0.29049580140836595,0.296164667333854,0.2726160008485269,45,55,0.8835549789166396,0.17160686427457097,0.2079207920792079,0.1607717041800643,0.048154093097913325,0.11192930780559647,0.625089605734767,0.030456852791878174,0.35355892648774795,0.1331168831168831
undersample,46,0.5511669658886894,0.2815253788429906,0.284714820756213,0.2692324113821268,39,49,0.8649240882767256,0.2014388489208633,0.17721518987341772,0.18839200761179828,0.05970149253731343,0.12879708383961117,0.49312977099236643,0.028985507246376812,0.35430038510911427,0.19543973941368079
undersample,47,0.5454817474566128,0.27391888829155653,0.26974687059551067,0.2543515920718281,18,28,0.8713282247765006,0.16105417276720352,0.1813186813186813,0.17238001958863858,0.02457757296466974,0.10572687224669604,0.5626441199077633,0.0,0.3537170263788969,0.11076923076923077
undersample,48,0.5619389587073609,0.2795650558122708,0.28901767804432676,0.2688932941107692,26,36,0.8839169909208819,0.1661807580174927,0.19047619047619047,0.18274111675126903,0.04786324786324787,0.06379585326953748,0.6322147651006711,0.0,0.35049019607843135,0.1712538226299694
undersample,49,0.5538599640933572,0.2890516296288879,0.2964427973281338,0.27616491251624004,28,38,0.8725348725348725,0.19889502762430938,0.2753623188405797,0.1524008350730689,0.047976011994003,0.11097410604192355,0.5584415584415584,0.0547945205479452,0.367612293144208,0.12265758091993186
undersample,50,0.5463794135248354,0.28939088077145375,0.2922820165723138,0.26894799982809714,56,66,0.8746811224489796,0.17166212534059946,0.2823529411764706,0.11791383219954649,0.05598755832037325,0.08075370121130551,0.5259984928409948,0.031746031746031744,0.3579080025204789,0.19047619047619047
undersample,51,0.5456313584679833,0.2766099039507214,0.2791917289599276,0.26131151112562523,57,67,0.8754981667463734,0.15114709851551958,0.23052959501557632,0.1450381679389313,0.07719298245614035,0.09550561797752809,0.5011355034065103,0.01680672268907563,0.37135614702154623,0.14890510948905109
oversample,42,0.5222920406941951,0.30746284403023616,0.3088035028625479,0.27464475732912946,48,58,0.8620689655172413,0.21597633136094674,0.21676300578034682,0.12053571428571429,0.17465753424657535,0.13443072702331962,0.4911392405063291,0.024054982817869417,0.3433333333333333,0.16348773841961853
oversample,43,0.553411131059246,0.34989536325370824,0.3397843933885053,0.3055879823764026,88,98,0.8867462003595359,0.2169576059850374,0.19328859060402684,0.1336573511543135,0.25889046941678523,0.15794871794871795,0.5880478087649402,0.03524229074889868,0.38571428571428573,0.19938650306748465
oversample,44,0.5502692998204668,0.34131590449499766,0.3382047801948326,0.30284781014099255,67,77,0.8771303359844181,0.176033934252386,0.24550898203592814,0.15566037735849056,0.22788605697151423,0.15931372549019607,0.530278232405892,0.03248259860788863,0.4199004975124378,0.2042833607907743
oversample,45,0.5116696588868941,0.31753795686068353,0.2930398706797891,0.2698732205490977,44,54,0.8552631578947368,0.2195845697329377,0.19906687402799378,0.11044417767106843,0.1772784019975031,0.13305613305613306,0.46808510638297873,0.015503875968992248,0.3605514316012725,0.1598984771573604
oversample,46,0.5239377618192699,0.3027852852532177,0.29244215228284126,0.2683549886089756,45,55,0.8666882906260136,0.20268256333830104,0.18719211822660098,0.050955414012738856,0.1861152141802068,0.14634146341463414,0.4935952177625961,0.013628620102214651,0.35509138381201044,0.18125960061443933
oversample,47,0.5275284260921603,0.32387628502682253,0.30868100537214443,0.280188101287483,50,60,0.8641693811074919,0.21861152141802068,0.1847649918962723,0.1282051282051282,0.17997465145754118,0.15947712418300652,0.4716312056737589,0.02185792349726776,0.4025854108956602,0.17060367454068243
oversample,48,0.5363554757630161,0.3177526660013428,0.30850388239553084,0.28035034619904514,33,43,0.8728566806858622,0.1767180925666199,0.18840579710144928,0.12278630460448642,0.17453505007153075,0.14601344860710855,0.5294117647058824,0.03550295857988166,0.3704433497536946,0.18683001531393567
oversample,49,0.5388988629563136,0.32670496526998566,0.3206801960220692,0.2879353271899207,46,56,0.8753056234718827,0.22900763358778625,0.18591549295774648,0.09791921664626684,0.18441558441558442,0.15636822194199243,0.5409015025041736,0.025500910746812388,0.3946360153256705,0.18938307030129126
oversample,50,0.5290245362058648,0.3229565980213646,0.30958948654879503,0.28596789118623256,51,61,0.8686034995047871,0.19452054794520549,0.17054263565891473,0.13122171945701358,0.22192513368983957,0.1388888888888889,0.5050675675675675,0.015968063872255488,0.42689434364994666,0.18604651162790697
oversample,51,0.5335128665469778,0.3165796464061627,0.308838736700577,0.2806676849246927,34,44,0.8739607582307948,0.20308483290488433,0.1648177496038035,0.08260325406758448,0.18294190358467244,0.13114754098360656,0.6512345679012346,0.03017241379310345,0.33766233766233766,0.14905149051490515
smote,42,0.5453321364452424,0.31674619328590226,0.326611353416989,0.29347937929824675,73,83,0.8674698795180723,0.20512820512820512,0.2096069868995633,0.13551401869158877,0.1912568306010929,0.16589861751152074,0.5188679245283019,0.0410958904109589,0.3812549642573471,0.21870047543581617
smote,43,0.5342609216038301,0.310171900533752,0.3155476656148232,0.2776458065734615,41,51,0.866721177432543,0.20159151193633953,0.1752873563218391,0.09987819732034105,0.17647058823529413,0.13761467889908258,0.5434083601286174,0.03431372549019608,0.3688058489033306,0.17236662106703146
smote,44,0.532166367444644,0.3132735716999148,0.30394983217228866,0.27516350315077276,48,58,0.8702983138780804,0.2071611253196931,0.1921259842519685,0.09331651954602774,0.18725617685305593,0.11842105263157894,0.5258899676375405,0.01996007984031936,0.349146110056926,0.1880597014925373
smote,45,0.5335128665469778,0.3332584683240549,0.31362120830388346,0.2883412809082422,67,77,0.8623942745608328,0.20519159456118666,0.17218543046357615,0.16784869976359337,0.2361963190184049,0.15342465753424658,0.5106382978723404,0.03115264797507788,0.36199095022624433,0.18238993710691823
smote,46,0.5365050867743866,0.32583576841831413,0.3370293697109036,0.29105965822634766,59,69,0.8717362924281984,0.2219215155615697,0.2042833607907743,0.125,0.23138297872340424,0.14977973568281938,0.5483870967741935,0.049342105263157895,0.3488888888888889,0.15987460815047022
smote,47,0.5344105326152004,0.30854803587819796,0.3140849627450505,0.276617977419341,42,52,0.8682895373206513,0.20359281437125748,0.1892744479495268,0.08856088560885608,0.18491484184914841,0.14244186046511628,0.5199674001629991,0.03495145631067961,0.35789473684210527,0.1762917933130699
smote,48,0.5537103530819868,0.3331716862178896,0.33001384668932554,0.29982942114133293,54,64,0.8809407153356198,0.20214395099540583,0.16347381864623245,0.13567251461988303,0.2298507462686567,0.15529411764705883,0.602390438247012,0.030690537084398978,0.3911504424778761,0.2066869300911854
smote,49,0.5412926391382405,0.3241938091065724,0.32335950977347727,0.29083431993845765,96,100,0.8762092146253484,0.22809123649459784,0.18248175182481752,0.12811387900355872,0.2074688796680498,0.17401668653158522,0.531810766721044,0.03023758099352052,0.3722627737226277,0.17765042979942694
smote,50,0.5435368043087971,0.3204945558961279,0.33147775659069956,0.28746688109042456,65,75,0.8751617076326003,0.2116991643454039,0.19633943427620631,0.16045197740112993,0.21614583333333334,0.1157556270096463,0.5210222588623248,0.048582995951417005,0.35791217895608946,0.17159763313609466
smote,51,0.5342609216038301,0.3055203331810948,0.31822247563589506,0.282026204712999,43,53,0.8721333113347632,0.18125,0.2019047619047619,0.11486486486486487,0.20322180916976457,0.10719754977029096,0.5524256651017214,0.03557312252964427,0.3800738007380074,0.1716171617161716
qgan,42,0.5420406941950927,0.291022474726244,0.281129768553251,0.2642589335791025,36,46,0.8651956836849735,0.19205298013245034,0.25084745762711863,0.19433198380566802,0.05037037037037037,0.056022408963585436,0.527027027027027,0.029197080291970802,0.36115843270868825,0.11638591117917305
qgan,43,0.562986235786954,0.31377939199200655,0.2907056673293281,0.2810546672499644,56,66,0.8786220218931101,0.15247776365946633,0.26666666666666666,0.22356495468277945,0.059190031152647975,0.11764705882352941,0.6203763789746918,0.031007751937984496,0.35195530726256985,0.10903873744619799
qgan,44,0.5576002393776182,0.3036002215196144,0.30800040678459545,0.2897389569548606,99,100,0.8742632612966601,0.2209737827715356,0.2235294117647059,0.1835016835016835,0.09885931558935361,0.106703146374829,0.5835694050991501,0.11594202898550725,0.3560606060606061,0.13398692810457516
qgan,45,0.5613405146618791,0.31892080007136375,0.30367373909154727,0.27950603729357754,85,95,0.8804170739654611,0.20284697508896798,0.26959247648902823,0.14507772020725387,0.10972568578553615,0.06713780918727916,0.6146272855133614,0.046511627906976744,0.30755864465682015,0.1515650741350906
qgan,46,0.5523638539796529,0.3051381789619509,0.2919434174177574,0.27822042591796314,58,68,0.8732258064516129,0.20198675496688742,0.2576271186440678,0.21414538310412573,0.08529411764705883,0.08468244084682441,0.549962434259955,0.035398230088495575,0.35267349260523323,0.127208480565371
qgan,47,0.553411131059246,0.3173083760105538,0.30266550755369187,0.2821862033773973,69,79,0.87109375,0.14988290398126464,0.291970802919708,0.21564885496183206,0.07244094488188976,0.07917383820998279,0.5802562170308968,0.061068702290076333,0.3686534216335541,0.13167259786476868
qgan,48,0.5670257330939558,0.2965148538295659,0.3048740044807587,0.28517016231032744,86,96,0.8822387576835975,0.17701453104359313,0.22686567164179106,0.22595704948646125,0.07641196013289037,0.06451612903225806,0.6255201109570042,0.04316546762589928,0.3645443196004994,0.16546762589928057
qgan,49,0.5667265110712149,0.30633829240723964,0.2999331177596535,0.28961506773856305,54,64,0.8817343471930108,0.17721518987341772,0.30625,0.2395644283121597,0.058823529411764705,0.11688311688311688,0.6100495399858458,0.0,0.35709857408555484,0.14853195164075994
qgan,50,0.5643327348892878,0.32198546950407697,0.2986451671300541,0.2822621589435202,52,62,0.8766597344424892,0.1984251968503937,0.2878228782287823,0.22598870056497175,0.06770833333333333,0.06675224646983312,0.5892857142857143,0.07692307692307693,0.3176710929519918,0.11538461538461539
qgan,51,0.5412926391382405,0.2839388329598421,0.29275000775646287,0.2722265985313474,57,67,0.8608330642557314,0.23193916349809887,0.23383084577114427,0.15249780893952672,0.07575757575757576,0.10909090909090909,0.5316265060240963,0.04411764705882353,0.3568414707655214,0.12573099415204678
ctgan,42,0.5695691202872532,0.3019621192894058,0.29440843671200256,0.2756912503510093,68,78,0.8841038632045598,0.19765494137353434,0.2721518987341772,0.2003968253968254,0.07158836689038031,0.08874801901743265,0.5643212508884151,0.0,0.32381889763779526,0.15412844036697249
ctgan,43,0.5719628964691801,0.28191119597311637,0.2979284438020767,0.27536263970965563,56,66,0.8840135505726731,0.16621983914209115,0.18840579710144928,0.188911704312115,0.08267716535433071,0.11314984709480122,0.6263473053892216,0.020618556701030927,0.3452229299363057,0.13805970149253732
ctgan,44,0.5757031717534411,0.33985720613222514,0.29344158588260505,0.28663435153482997,50,60,0.8969657634269025,0.20359281437125748,0.29535864978902954,0.23821765209940018,0.051829268292682924,0.06944444444444445,0.6507042253521127,0.0,0.35173160173160173,0.10849909584086799
ctgan,45,0.5671753441053261,0.32098008028307023,0.2985914465573212,0.2863957513885053,52,62,0.8928687723868447,0.17465753424657535,0.30985915492957744,0.1961904761904762,0.08936170212765958,0.10752688172043011,0.6324909747292419,0.015037593984962405,0.3234529381175247,0.1225114854517611
ctgan,46,0.5617893476959904,0.29982557828333856,0.2967893270574631,0.281330877276312,40,50,0.8823338735818477,0.19534883720930232,0.2724795640326976,0.20798514391829154,0.036036036036036036,0.07631578947368421,0.6171107994389902,0.06521739130434782,0.3458980044345898,0.11458333333333333
ctgan,47,0.5743566726511071,0.29885370604416445,0.3020287814290707,0.2850024373899793,70,80,0.8986122448979592,0.23779193205944799,0.20353982300884957,0.23069767441860464,0.08260869565217391,0.03211009174311927,0.6541450777202072,0.03333333333333333,0.33432835820895523,0.14285714285714285
ctgan,48,0.5777977259126271,0.29798812448708023,0.3063214157868051,0.29256412522651287,72,82,0.8883175317371043,0.20220588235294118,0.25773195876288657,0.2543689320388349,0.05446293494704992,0.11398963730569948,0.6158574062692072,0.02564102564102564,0.36755952380952384,0.14550641940085593
ctgan,49,0.5538599640933572,0.28961863875848937,0.2966844773045204,0.2804090740206978,67,77,0.8733652312599681,0.2222222222222222,0.20964360587002095,0.2539404553415061,0.07293666026871401,0.14157303370786517,0.484149855907781,0.05263157894736842,0.340956340956341,0.15267175572519084
ctgan,50,0.5570017953321365,0.3083153600355617,0.2923860526130899,0.27411926016989135,59,69,0.8740881699968284,0.19015280135823429,0.2153846153846154,0.20508166969147004,0.057692307692307696,0.10126582278481013,0.5354938271604939,0.08421052631578947,0.33401015228426395,0.14381270903010032
ctgan,51,0.5445840813883902,0.2957695896811779,0.28021846616801915,0.26863507354370697,48,58,0.8766120044578889,0.17054263565891473,0.2571428571428571,0.1689909762100082,0.05263157894736842,0.12468193384223919,0.481421647819063,0.0759493670886076,0.3434704830053667,0.13490725126475547
classical,42,0.5546080191502094,0.2974719916009857,0.2971113670166995,0.2783540094491515,61,71,0.8709572035282588,0.18181818181818182,0.24806201550387597,0.19959266802443992,0.055900621118012424,0.06552706552706553,0.6311239193083573,0.010050251256281407,0.3508968609865471,0.1696113074204947
classical,43,0.546229802513465,0.29748406967523006,0.29083448118277727,0.27526734563299093,47,57,0.8642055618799804,0.17133956386292834,0.21195652173913043,0.24068767908309455,0.08835341365461848,0.0899149453219927,0.5798192771084337,0.06593406593406594,0.33641618497109826,0.10404624277456648
classical,44,0.5504189108318372,0.287615946238533,0.28975857379452163,0.2721085583819243,38,48,0.8674507310870947,0.17391304347826086,0.22857142857142856,0.22830188679245284,0.07453416149068323,0.09032258064516129,0.5340474368783473,0.028708133971291867,0.38133333333333336,0.11390284757118928
classical,45,0.5418910831837224,0.26753634476618676,0.2784725143387529,0.2596991029635469,58,68,0.8675012193139326,0.17717206132879046,0.22391857506361323,0.1246040126715945,0.0632279534109817,0.06582278481012659,0.5737158105403602,0.0,0.3351749539594843,0.16585365853658537
classical,46,0.5571514063435069,0.2991117599813037,0.3143757869472817,0.28669677917727976,42,52,0.8749797832767265,0.18740399385560677,0.2756598240469208,0.19553072625698323,0.05546492659053834,0.10689170182841069,0.5816326530612245,0.09523809523809523,0.3656938653960691,0.1284722222222222
classical,47,0.5519150209455416,0.27809772643153874,0.2952877941152923,0.2707242578518586,70,80,0.8730082085948817,0.19430485762144054,0.192,0.17635270541082165,0.0798611111111111,0.08888888888888889,0.6006779661016949,0.06486486486486487,0.33044636908727515,0.10683760683760683
classical,48,0.5595451825254338,0.3205150306275379,0.29969145564567945,0.28065214976956926,48,58,0.878142514011209,0.1984126984126984,0.21052631578947367,0.1823966065747614,0.13921113689095127,0.0821917808219178,0.595679012345679,0.02040816326530612,0.328781512605042,0.17077175697865354
classical,49,0.5508677438659485,0.2844284274493941,0.3074299140043707,0.2716715262673001,52,62,0.8769654725239099,0.1728395061728395,0.24161073825503357,0.14347826086956522,0.052980132450331126,0.07084468664850137,0.5951008645533141,0.07729468599033816,0.36167664670658684,0.12392426850258176
classical,50,0.5668761220825853,0.30669709095049735,0.30766207389429245,0.2900790253836089,46,56,0.8796761133603239,0.20041753653444677,0.22900763358778625,0.23300970873786409,0.07345575959933222,0.10238095238095238,0.6483439041578577,0.05,0.37070063694267513,0.11379800853485064
classical,51,0.5450329144225015,0.2865583414578755,0.29086316257394096,0.26785876645785217,33,43,0.8770384866275277,0.16442451420029897,0.20095693779904306,0.14181438998957246,0.05087440381558029,0.08198757763975155,0.6133942161339422,0.03619909502262444,0.3505535055350554,0.16134453781512606
