bwd_seg_size_avg,pkt_len_min,fwd_pkt_len_min,totlen_bwd_pkts,fwd_pkt_len_max,bwd_pkt_len_min,pkt_len_mean,fwd_pkt_len_std,bwd_pkt_len_std,flow_byts_s,fwd_pkt_len_mean,psh_flag_cnt,down_up_ratio,fwd_act_data_pkts,syn_flag_cnt,fin_flag_cnt,Label
1393.6609,54.0,54.0,7967.151,98.0,60.0,535.3201,0.0,15.525137,23867.678,98.0,0.0,1.3076923,1.1533841,0,0,8
638.0,54.0,54.0,220998.45,2398.735,60.0,378.40097,1904.0679,664.7481,3154.144,115.16034,320.1753,4.9973774,36.142315,4,3,8
691.69635,54.0,54.0,1240.414,400.0,70.0,739.68677,65.87978,269.0386,137473.45,115.0,18.615284,1.6684438,2.0,0,0,8
419.62894,70.0,78.0,1051.0402,84.16895,60.0,149.60223,0.0,0.0,2481.5764,82.0,0.0,0.62219626,2.0,0,0,8
344.73334,54.0,54.0,384.38165,60.0,335.41177,132.83179,0.0,0.0,3800.198,60.0,4.0,1.0,2.0,0,3,8
645.44214,54.0,54.0,5236.985,95.0,250.3778,329.93103,42.790474,57.83969,14522.581,78.0,232.63132,2.1860816,3.0,3,8,8
358.89154,54.0,54.0,254.0,73.226295,226.0,140.0,0.0,0.0,5577.783,69.274734,0.0,0.89124143,2.0,0,0,8
531.0437,54.0,54.0,13003.109,1224.2189,60.0,317.75305,533.944,596.3521,3334.8748,114.0,19.679605,1.4,7.0,3,0,8
60.0,54.0,54.0,1167.5032,94.0,60.0,73.17931,0.0,0.0,117.01179,82.0,0.0,0.5,12.0,0,0,8
479.9823,54.0,54.0,7634.1675,79.98862,172.23462,115.05583,0.0,0.0,573.9432,68.3113,7.0,1.1481699,5.0,0,3,8
60.0,114.0,86.0,120.0,114.492935,59.993423,117.72189,0.0,0.0,2736.7666,95.58776,0.0,0.09970922,2.0,0,0,8
606.8241,54.0,54.0,8269.712,2466.977,60.0,891.1758,1174.5763,630.2287,72978.73,256.51904,226.50984,2.4838061,4.0,3,0,8
78.0,95.0,76.0,0.0,85.0,66.11011,135.67159,0.0,0.0,12797.53,83.0,0.0,0.33333334,0.0,0,0,8
518.0,61.166668,54.0,205.0,54.0,248.19136,90.034485,0.0,0.0,451.7691,54.0,0.0,0.5,2.0,0,0,8
282.84106,54.0,54.0,47543.023,9318.035,60.0,478.5495,4613.571,679.68256,5601.5527,478.59857,258.6979,1.8333334,180.62207,3,0,8
229.47122,70.0,54.0,205.0,60.0,185.0,93.07692,0.0,0.0,1600.5076,54.0,0.0,0.5,2.0,0,0,8
603.45215,54.0,54.0,11666.938,91.0,60.0,138.2953,0.0,31.278767,630.7319,82.0,0.0,1.1514325,6.0,0,0,8
502.84512,54.0,54.0,657.0,89.0,82.0,249.42163,0.0,0.0,7005.21,83.0,0.0,1.0,2.0,0,0,8
548.12836,54.0,54.0,7152.857,74.00663,90.0,121.68557,0.0,0.0,566.83264,74.0,0.0,0.79810673,4.0,0,0,8
862.50366,54.0,54.0,30906.46,968.37134,60.0,444.9522,219.75163,603.8675,5199.9272,154.0,0.0,1.3571428,5.0,0,0,8
624.875,54.0,54.0,30218.102,3141.8743,60.0,607.72955,2695.2222,667.7329,12613.692,228.55309,298.96686,3.9433134,9.0,3,2,8
229.0,60.0,54.0,480.51373,56.727104,68.333336,61.166668,0.0,0.0,128.27489,54.0,0.0,0.5,5.0,0,3,8
508.0,61.166668,54.0,519.8069,54.0,347.57565,89.0,0.0,0.0,145.22862,54.0,0.0,0.5,2.0,0,0,8
228.89014,60.0,83.0,985.4654,190.0,60.0,253.66147,0.0,0.0,4282.3447,116.0,0.0,0.5,3.0,0,0,8
60.0,54.0,54.0,636.0,4594.0,54.0,368.17758,662.522,567.6611,12883.896,471.66623,12.0,0.92331904,7.0,3,0,8
553.9811,54.0,54.0,778.2032,60.0,499.58853,135.6613,0.0,0.0,3430.682,60.0,11.0,1.2666667,2.0,0,3,8
203.541,60.0,98.00776,5471.747,1691.5192,60.0,359.61026,18.942278,89.62029,5435.332,305.3032,0.0,0.5,5.0,0,0,8
508.0,55.54189,60.0,5163.861,78.0,70.0,132.56903,0.0,0.0,1024.065,78.0,0.0,0.6666667,3.0,0,0,8
517.0,70.0,54.0,1097.9487,60.0,137.0565,100.0,0.0,0.0,795.0329,60.0,0.0,0.6666667,2.0,0,0,8
498.79166,54.0,54.0,6483.366,275.64316,106.0,302.07812,157.98514,486.42322,8288.596,89.0,161.55046,1.5542425,5.0,3,3,8
345.04196,54.0,54.0,2231.4438,94.0,82.0,178.35744,0.0,0.0,3078.033,82.0,1.0,1.0,4.0,0,0,8
60.0,54.0,54.0,247.0114,1743.0188,59.89649,258.5118,27.457474,0.0,7806.6587,237.44908,0.0,0.5,5.0,0,0,8
206.0626,60.0,54.0,1027.3336,54.765545,105.15853,61.166668,0.0,0.0,88.16128,54.0,0.0,0.5,6.0,0,2,8
555.3608,54.0,54.0,9306.795,302.136,60.0,282.73767,139.64832,529.31525,3497.7058,93.9818,17.807219,1.4,6.0,3,2,8
657.10175,54.0,54.0,548761.5,2443.0168,60.0,418.857,2869.4456,675.3572,3380.8816,143.70688,333.89566,5.661351,47.022186,4,3,8
106.0,54.0,54.0,8316.1455,86.0,60.0,74.0619,0.0,0.0,63.898727,78.0,0.0,0.5,15.0,0,0,8
534.0,54.0,54.0,206.1701,54.0,221.12039,61.166668,0.0,0.0,526.6169,54.0,0.0,0.5,2.0,0,3,8
60.0,82.0,88.0,226.0,343.0,54.0,134.66667,0.0,0.0,2540.9932,149.19267,0.0,0.5,4.0,0,0,8
1343.0135,54.0,54.0,17747.574,364.13043,130.0,506.57877,627.3824,619.5507,17240.666,89.0,322.75424,6.2851553,5.0,3,5,8
197.97536,54.0,54.0,205.0,79.0,72.5,102.264465,0.0,0.0,2464.855,75.5,0.0,0.6666667,3.0,0,2,8
60.0,90.0,115.0,4183.825,1188.9464,60.0,126.16901,0.0,0.0,374.26004,213.58406,0.0,0.33333334,9.0,0,0,8
692.26874,54.0,54.0,147497.4,1436.9259,60.0,356.35294,845.6198,645.3772,2852.1467,108.392975,195.1064,2.4861178,11.589329,3,3,8
136.45796,54.0,54.0,7283.288,83.0,130.0,85.565216,0.0,0.0,176.66975,70.88975,10.0,1.0,9.0,3,3,8
66.0,71.24001,89.0,4353.6655,118.0,60.0,114.0,0.0,0.0,71.85531,89.2265,0.0,0.2,8.0,0,0,8
632.99115,54.0,54.0,9971.5,190.0,132.17612,274.33334,243.92,559.7265,4093.0752,82.0,235.7289,2.0383582,6.0,3,8,8
410.73706,54.0,54.0,1039.7203,81.0,254.82663,135.2179,0.0,0.0,3163.97,66.63537,17.0,1.2864214,3.0,3,5,8
642.7896,54.0,54.0,3454.8704,78.0,229.05247,230.5452,0.0,0.0,5489.1636,72.84517,10.0,1.3333334,2.0,0,2,8
645.3284,54.0,54.0,13583.719,2464.4563,60.0,772.69794,580.423,620.27167,19204.693,401.33478,0.0,1.25,4.8367395,0,0,8
639.52716,54.0,54.0,101508.28,255.0,60.0,181.79454,213.04276,594.0605,523.8391,87.0,13.0,1.3846154,15.0,3,2,8
100.20136,80.0,73.0,226.0,82.0,70.0,118.585266,0.0,0.0,1753.2213,79.0,0.0,0.5,2.0,0,0,8
534.28656,54.0,54.0,5168.2036,92.0,78.0,248.34119,0.0,0.0,4535.7495,83.0,0.0,1.1538461,3.0,0,0,8
118.0,83.0,54.650383,205.80086,70.05628,116.93376,93.07692,0.0,0.0,1407.3716,70.0,0.0,0.5,2.0,0,0,8
347.98578,54.0,85.0,636.0,255.0,60.0,348.32053,0.0,0.0,11392.739,152.76956,0.0,0.6666667,2.0,0,0,8
497.82452,54.0,54.0,5820.945,87.0,66.0,141.58075,0.0,0.0,1587.2273,82.0,0.0,0.85714287,4.0,0,0,8
593.9353,54.0,54.0,10527.399,1292.0,60.0,387.8159,469.95685,595.5818,7103.106,123.94948,16.0,1.4286577,6.0,3,0,8
60.80509,89.51673,77.0,198.0,118.0,60.0,115.0,0.0,0.0,722.7443,83.0,0.0,0.09148312,2.0,0,0,8
1135.0615,54.0,54.0,2503.7698,277.31512,70.0,976.7668,43.97662,263.3788,217473.56,114.0,16.0,1.9236666,0.0,0,0,8
554.40247,54.0,54.0,11668.652,3204.4392,60.0,709.79236,1919.1505,655.6702,29406.197,268.8923,279.75116,2.8172216,6.0,3,2,8
639.0181,54.0,54.0,636.0,65.08966,241.25615,212.90945,0.0,0.0,6245.5527,60.0,0.0,1.1538461,2.0,0,0,8
595.5766,54.0,54.0,12878.877,254.12495,106.0,247.81694,239.95714,565.89105,2419.338,83.0,153.39606,1.68716,7.0,3,3,8
783.89215,54.0,54.0,647.089,528.0,60.0,1206.426,19.416489,72.72993,339417.47,186.0,8.0,1.4390142,0.0,0,0,8
540.47,54.0,54.0,6921.1294,187.74884,70.0,295.957,30.778639,87.28996,6470.7715,91.0,12.0,1.3333334,4.0,0,0,8
158.10149,54.0,54.0,636.0,89.0,63.352234,133.77698,0.0,0.0,1859.0769,83.0,0.0,0.6666667,3.0,0,0,8
106.08939,78.833336,75.019485,1318.4095,82.0,65.16707,86.088776,0.0,0.0,136.40002,75.5,0.0,0.5,5.0,0,0,8
644.8379,54.0,54.0,3775.9521,81.0,306.33655,248.33333,0.0,0.0,7342.2456,70.16875,31.3568,1.5,2.0,3,3,8
106.0,82.0,83.22238,604.7266,89.45021,60.0,130.66667,0.0,0.0,1342.5422,89.0,0.0,0.5,3.0,0,0,8
511.9661,54.0,54.0,17983.762,82.0,66.74542,87.802345,0.0,11.785113,84.03517,74.790146,0.0,0.85714287,12.0,0,0,8
696.73126,54.0,54.0,24422.443,1694.2032,60.0,453.65524,647.76166,627.9946,7157.906,155.31483,21.176365,1.710475,6.0,3,0,8
773.7652,54.0,54.0,30265.938,528.9383,82.0,383.30554,665.5811,626.69763,5348.321,91.47045,285.82483,5.0357943,7.0,3,3,8
626.0,54.0,54.0,752.54236,59.994705,227.42047,119.59476,0.0,0.0,1460.5686,54.0,0.0,0.75,2.0,0,0,8
808.47015,54.0,54.0,1092281.6,1514.0,60.0,341.88074,1195.4232,657.85645,1414.7617,110.498886,183.66592,2.6428456,36.064854,3,2,8
531.63416,54.0,54.0,7709.27,2471.0725,60.0,783.98224,1159.8884,626.30524,62924.816,255.90782,225.87029,2.0,5.0,3,0,8
155.48067,70.0,60.0,300.03397,83.0,60.140976,135.33333,0.0,0.0,3180.6824,82.0,0.0,0.5,2.0,0,0,8
454.99786,93.07692,54.0,206.0,82.0,226.0,94.0,0.0,0.0,1580.0154,58.41439,0.0,0.5,0.0,0,0,8
501.63864,54.0,54.0,571.1469,622.89813,60.0,643.7278,0.0,11.785113,85476.06,211.89015,0.0,1.0770372,2.0,0,0,8
106.0,54.0,70.0,6562.8237,122.0,60.0,103.64093,0.0,0.0,272.47058,94.045166,0.0,0.5,8.0,0,0,8
460.58536,54.0,54.0,670.5818,78.0,226.0,136.28233,0.0,0.0,3196.5466,72.97872,8.0,1.1546093,3.0,0,3,8
60.0,82.0,94.0,636.0,977.0917,54.0,130.66667,0.0,0.0,792.7162,196.48045,0.0,0.45587534,7.0,0,0,8
352.1709,78.0,95.0,3803.0977,122.0,60.0,244.10925,0.0,0.0,2935.1748,114.0,0.0,0.5,3.0,0,0,8
60.0,86.80384,91.0,487.1896,666.9789,0.0,96.21587,0.0,0.0,546.38257,177.92964,0.0,0.25,8.0,0,0,8
353.798,54.0,54.0,1335.9984,76.0,227.24539,117.38622,0.0,0.0,1300.1547,65.10508,4.0,1.0,4.0,0,3,8
148.68535,54.0,54.0,8879.335,10411.412,60.0,735.1304,4038.293,667.19366,29342.996,719.60754,228.25615,1.5680852,9.0,3,0,8
72.5,60.0,75.08632,534.54645,216.0,60.0,142.31274,0.0,0.0,2603.0857,114.0,0.0,0.5,4.0,0,0,8
692.6858,54.0,54.0,8016.9126,1640.3793,70.0,843.31525,700.78107,615.9316,96450.805,137.77135,311.45923,5.643064,3.0,3,3,8
349.14304,54.0,54.0,199.95009,77.0,137.90216,194.55476,0.0,0.0,10342.491,60.0,0.0,0.6666667,0.0,0,0,8
1045.9415,54.0,54.0,4069.5483,85.0,82.0,402.58646,0.0,0.0,19044.36,82.0,0.0,1.2222222,0.0,0,0,8
262.43524,54.0,54.0,2502.332,1738.3481,60.0,428.83383,253.49054,506.07324,20551.158,187.71815,12.01337,1.25,4.0,3,0,8
657.0,54.0,54.0,9897.101,1612.2615,65.244,601.68964,866.7364,626.1879,26741.979,116.32255,302.10236,5.0214877,5.0,3,3,8
60.0,91.0,82.0,120.0,88.67499,60.0,119.333336,0.0,0.0,3373.6248,83.0,0.0,0.33333334,2.0,0,0,8
373.01328,54.0,54.0,3766.7922,186.0,65.90801,255.43645,0.0,11.785113,5263.458,92.62957,8.0,1.1666666,4.0,0,0,8
106.74171,54.0,54.0,7263.347,87.0,70.0,85.12784,0.0,0.0,127.39523,77.56883,0.0,0.6666667,8.0,0,0,8
287.57812,54.0,54.0,23225.682,678.1782,60.0,134.73232,649.15424,613.7824,441.14072,91.0,178.04514,1.4275279,204.0,3,5,8
605.0,54.0,54.0,7717.28,96.0,207.95493,253.73112,56.685543,217.24397,4979.537,78.0,163.71918,1.7142318,5.0,3,5,8
708.31323,54.0,54.0,254.0,92.417854,78.0,518.77075,0.0,0.0,102054.47,83.0,0.0,1.0005065,0.0,0,0,8
627.3931,54.0,54.0,89456.52,275.0,60.0,198.84013,188.2025,591.8783,530.01715,91.0,10.242246,1.3333334,14.854619,3,0,8
60.0,54.0,54.0,369.74753,661.10236,60.0,216.0,3.6499166,0.0,4786.379,151.68481,0.0,0.6666667,5.0,0,0,8
97.0,54.0,54.0,534.0,1946.0658,60.0,408.2892,198.28763,273.11978,25856.17,234.91391,11.0,1.083645,4.0,0,0,8
771.791,54.0,54.0,1256835.0,1819.0,60.0,349.50586,1278.6648,665.6914,1346.8114,114.0,192.04355,2.7882352,65.82216,3,2,8
1401.4669,54.0,54.0,7413.045,122.0,258.94302,669.5787,184.08604,530.47284,96903.016,82.0,334.5625,6.5053678,2.0,3,8,8
1108.8864,54.0,54.0,16554.762,374.0,106.0,452.42816,599.19806,613.5412,14573.422,89.0,300.8837,5.941275,5.0,3,3,8
1290.6381,54.0,54.0,7502.322,122.0,255.30193,591.7901,184.92107,526.93195,65170.28,82.0,330.71924,6.2780647,2.0,3,8,8
658.07385,54.0,54.0,628.1201,85.31738,104.32333,381.2264,0.0,0.0,25499.41,82.0,0.0,1.1111112,0.0,0,0,8
634.6904,54.0,54.0,7621.7207,93.432106,204.0,266.55597,18.811132,45.808907,5589.6353,78.0,66.080925,1.5751618,4.0,3,3,8
64.375305,79.99267,79.0,300.0,114.0,60.0,114.0,0.0,0.0,295.33917,82.0,0.0,0.2,4.0,0,0,8
648.22296,54.0,54.0,8319.812,1514.0,60.0,612.7544,578.5035,597.24194,33558.637,139.55559,162.52844,2.0006497,3.0,3,2,8
234.9873,70.0,54.0,640.7636,54.0,228.50931,71.84596,0.0,0.0,191.45619,54.0,0.0,0.5,3.0,0,0,8
266.94467,54.0,54.0,45599.523,4857.1763,60.0,411.74603,3395.654,674.10583,3383.8503,331.03976,201.10289,1.5695144,192.26033,3,0,8
229.0,54.0,54.0,5073.907,75.38895,204.04489,87.358894,0.0,0.0,351.311,60.0,0.0,0.91733253,6.0,0,3,8
626.81274,54.0,54.0,5129.4175,88.0,264.6169,266.71576,0.0,11.785113,9009.462,75.0,165.83221,1.8302426,3.0,3,8,8
217.49258,54.0,60.0,6525.0205,235.38939,60.0,159.33333,0.0,11.399371,1317.5234,111.75,0.0,0.6666667,5.0,0,0,8
156.0,54.0,54.0,659.0,86.0,70.0,130.01598,0.0,0.0,1357.1816,82.0,0.0,0.6666667,4.0,0,0,8
775.51013,54.0,54.0,7065.0063,341.73404,106.0,633.2401,219.46219,548.3474,60194.426,95.0,236.08603,3.5739899,2.0,3,3,8
70.27906,79.0,94.0,621.6344,524.3873,60.0,217.99374,0.0,0.0,3099.0493,178.89145,0.0,0.5,4.0,0,0,8
615.26,54.0,54.0,1073930.8,2472.218,60.0,366.24167,2594.0452,674.44226,1495.844,179.83197,221.66019,2.1694913,204.0,3,2,8
70.0,61.980198,54.0,205.0,115.0,68.333336,115.0,0.0,0.0,300.46585,74.0,0.0,0.09291086,2.0,0,0,8
60.0,54.0,54.0,7693.9546,189.09343,54.0,61.166668,0.0,0.0,50.172062,89.0,0.0,0.5,294.95462,0,0,8
411.83334,54.0,54.0,9264.786,95.34517,60.0,129.93404,0.0,14.376611,444.75397,82.0,0.0,1.0,7.0,0,0,8
334.36313,54.0,54.0,24260.102,2445.3535,60.0,294.80386,1244.6644,649.84143,1649.8856,179.31306,132.76155,1.4382302,82.92782,3,2,8
191.80608,60.0,54.0,120.0,78.0,130.0,179.20401,0.0,0.0,12607.625,66.0,0.0,0.5,0.0,0,0,8
228.87901,54.0,54.0,19059.541,1258.6031,60.0,135.64177,571.59906,602.12604,357.763,106.50207,14.940249,1.2332153,176.73169,3,2,8
1034.4065,54.0,54.0,622.975,91.0,111.03621,676.6926,0.0,0.0,179566.14,90.35133,8.0,1.4382766,0.0,0,0,8
344.73334,54.0,54.0,31485.178,4054.95,60.0,393.7431,2649.2002,665.443,3393.7498,274.7758,188.91298,1.5725421,79.764755,3,1,8
85.5,70.0,76.979065,5175.7007,96.05942,60.0,92.0,0.0,0.0,176.4846,89.0,0.0,0.5,8.0,0,0,8
174.39142,54.0,54.0,3844.2556,75.0,94.90909,61.166668,0.0,0.0,104.9391,60.0,0.0,0.6666667,8.0,0,3,8
306.93793,71.17467,54.0,205.0,55.0,257.85266,93.07692,0.0,0.0,1609.6367,54.0,0.0,0.5,2.0,0,0,8
464.77768,78.0,83.0,205.0,96.0,60.0,335.8102,0.0,0.0,22946.59,85.0,0.0,0.5,0.0,0,0,8
84.01722,89.0,106.38118,5175.579,126.07692,60.0,96.95017,0.0,0.0,233.83702,110.823715,0.0,0.5,7.0,0,0,8
194.10413,54.0,54.0,2330.481,2446.1143,60.0,522.8064,559.5732,568.5674,30259.338,302.33527,12.0,1.2307693,4.0,3,0,8
1129.761,54.0,54.0,613.4141,74.0,226.01979,358.80698,0.0,0.0,26357.182,60.0,0.0,1.2213567,0.0,0,0,8
198.55206,60.0,54.0,247.73875,66.0,183.72997,99.4155,0.0,0.0,1603.1003,60.0,0.0,0.5,2.0,0,0,8
226.0,89.0,82.0,205.0,92.98186,60.0,217.30995,0.0,0.0,7137.7363,91.0,0.0,0.5,1.0,0,0,8
508.0,60.0,54.0,262.8689,54.0,492.4916,93.07692,0.0,0.0,1415.0767,54.0,0.0,0.6666667,2.0,0,0,8
673.2464,54.0,54.0,22875.805,1514.0,60.0,423.58395,1155.5535,642.8568,7491.9453,111.861534,296.76114,4.9926534,7.0,3,3,8
106.0,54.0,54.0,35566.66,275.0,60.0,78.76344,407.3248,578.4852,49.176914,81.0,22.38067,1.1577774,2459.6943,3,8,8
554.0385,54.0,54.0,2643.9568,100.0,118.0,313.83292,0.0,11.785113,12025.805,83.0,15.206466,1.3732198,2.0,3,2,8
228.08621,54.0,54.0,533.0,76.0,85.23223,80.867294,0.0,0.0,527.6373,60.90789,1.0,0.75,5.0,0,3,8
66.77225,94.04726,85.0,120.0,94.0,60.0,134.66667,0.0,0.0,5554.302,90.0,0.0,0.33333334,2.0,0,0,8
226.0,85.45614,55.0,660.61,96.0,70.0,98.0,0.0,0.0,249.60042,72.983955,0.0,0.5,3.0,0,0,8
1233.596,54.0,54.0,6242.793,79.0,334.34286,350.65085,0.0,1.4280354,15919.141,71.45274,35.09477,2.0,2.0,3,3,8
649.96246,54.0,60.0,1724.6549,82.0,70.0,266.39774,0.0,0.0,5890.6724,79.0,0.0,0.85714287,2.0,0,0,8
247.62337,54.0,54.0,1219.7981,81.0,112.77118,93.07692,0.0,0.0,620.95447,62.24905,14.0,1.1274176,6.0,3,8,8
635.0,54.0,54.0,5162.8276,96.0,130.0,336.89398,0.0,15.159793,12819.52,82.0,17.0,1.4446895,2.0,3,2,8
412.241,60.0,54.0,205.0,54.0,104.39319,61.166668,0.0,0.0,448.0792,54.0,0.0,0.5,3.0,0,2,8
638.2088,54.0,54.0,8850.523,2143.1694,60.0,682.5609,670.7909,619.2201,35554.355,186.0,166.91211,2.0014033,4.0,3,0,8
758.2296,54.0,54.0,9796.725,1292.0,60.0,643.8063,526.29456,601.1728,25947.785,138.20576,46.121517,1.9879777,3.0,3,0,8
218.03142,54.0,54.0,17818.016,4759.0,60.0,399.7943,1285.6882,652.32855,3503.4058,416.03134,12.0,1.25,34.528088,3,0,8
533.84,60.0,54.0,363.17148,54.0,533.44006,85.565216,0.0,0.0,914.4777,54.0,0.0,0.6666667,2.0,0,2,8
656.54156,54.0,54.0,21808.994,342.92062,92.31529,281.5174,562.6017,607.47784,2529.662,87.0,223.24846,2.2148483,8.0,3,3,8
582.81854,54.0,54.0,8176.2534,204.33931,153.45207,297.07693,214.19061,518.3649,7258.911,82.0,255.80492,2.0,5.0,3,8,8
322.78058,54.0,54.0,534.0113,114.0,60.0,285.81146,0.0,0.0,10878.9795,103.0,0.0,0.8349152,2.0,0,0,8
550.18646,54.0,54.0,549476.1,1016.15405,60.0,160.07347,678.0212,638.82916,253.16064,95.0,67.69131,1.469685,327.55362,3,3,8
70.0,78.833336,78.0,171.0,82.0,54.0,94.0,0.0,0.0,573.3957,79.0,0.0,0.2603635,3.0,0,0,8
1426.6084,54.0,54.0,13017.909,94.96354,118.0,454.96973,30.36607,494.4576,15556.884,82.0,19.419394,2.5443163,2.0,3,0,8
226.93066,54.0,54.0,658.6424,96.0,70.0,179.53296,0.0,0.0,3408.9202,88.000885,0.0,0.8934603,3.0,0,0,8
106.95511,54.0,54.0,15991.224,186.0,60.0,86.30769,31.85232,258.91193,76.07351,83.95111,0.0,0.84226155,181.42105,0,2,8
97.0,91.0,54.0,192.53073,98.0,82.0,114.0,0.0,0.0,1226.231,75.5,0.0,0.30741352,2.0,0,0,8
106.0,78.833336,54.0,240.84103,94.88015,91.0,113.0,0.0,0.0,429.16235,67.43827,0.0,0.33333334,2.0,0,0,8
106.0,61.166668,66.0,6396.142,76.0,70.0,82.0,0.0,0.0,53.290043,66.0,0.0,0.5,8.0,0,0,8
258.74118,70.0,88.0,226.0,274.5055,60.0,425.0702,0.0,0.0,39808.63,186.0,0.0,0.5,0.0,0,0,8
511.79752,54.0,54.0,226.0,54.0,327.18774,91.09948,0.0,0.0,1489.7222,54.0,0.0,0.6666667,2.0,0,2,8
645.1811,54.0,54.0,512035.28,2424.032,60.0,384.9182,2414.3381,669.96045,2768.3196,140.46555,302.69528,4.640467,59.902428,4,3,8
392.36304,54.0,54.0,5130.625,82.0,70.0,132.53682,0.0,0.0,1080.4502,79.0,0.0,0.75829566,4.0,0,0,8
441.8829,60.0,54.0,189.44725,78.0,118.0,240.07692,0.0,0.0,14932.661,60.0,0.0,0.6666667,0.0,0,0,8
118.0,54.0,54.0,6451.8984,83.5934,68.333336,61.166668,0.0,0.0,69.25955,66.86111,5.0,0.7546511,37.926826,3,4,8
106.0,54.0,54.0,1255.5131,76.0,85.5,61.30145,0.0,0.0,116.50795,66.292015,0.0,0.5,7.0,0,2,8
465.4173,54.0,54.0,533.0,60.0,359.4272,133.99391,0.0,0.0,3928.5667,60.0,8.0,1.1479386,2.0,0,3,8
109.56646,54.0,60.0,14289.694,100.0,60.0,78.99383,0.0,14.290633,53.01395,83.0,0.0,0.5,66.50506,0,0,8
92.5382,89.0,89.0,211.66824,94.87546,60.0,134.6677,0.0,0.0,3088.468,91.0,0.0,0.5,2.0,0,0,8
60.0,54.0,54.0,3676.7244,2446.348,60.0,252.1412,592.91425,562.4767,3395.9014,236.95488,12.0,1.0,12.0,3,0,8
626.1132,54.0,54.0,14062.531,425.2765,106.0,313.79016,585.7565,601.8437,4474.458,89.0,273.94482,2.5084908,7.0,3,8,8
650.0905,54.0,78.0,7948.765,315.2184,60.0,425.92316,0.0,48.472614,10956.865,152.6057,0.0,1.0,2.0,0,0,8
106.0,73.90881,78.0,7132.5034,89.0,60.0,88.0,0.0,0.0,77.58761,79.0,0.0,0.5,7.0,0,0,8
649.939,54.0,54.0,425.83618,200.0,60.0,779.2557,0.0,0.0,213714.69,139.21542,0.0,1.2176425,0.0,0,0,8
79.22838,78.0,79.90418,656.5304,91.0,60.0,93.07692,0.0,0.0,503.28534,88.0,0.0,0.5,5.0,0,0,8
420.3908,54.0,54.0,348.0,54.0,378.76822,93.07692,0.0,0.0,1409.8265,54.0,0.0,0.6666667,2.0,0,0,8
68.333336,82.0,82.0,153.19861,95.0,60.0,136.90282,0.0,0.0,5375.211,89.53275,0.0,0.5,2.0,0,0,8
639.45337,54.0,54.0,1115.5465,377.73434,106.0,642.08984,120.092514,438.22357,102316.33,105.55661,191.12054,2.1575007,2.0,3,2,8
553.92645,54.0,54.0,5232.1187,82.0,197.69632,162.18658,0.0,0.0,2959.265,75.0,10.0,1.25,3.0,0,3,8
495.1582,54.0,54.0,16024.163,3017.0322,60.0,467.49124,1167.4346,641.89575,8765.447,287.6196,18.0,1.4033391,8.0,3,0,8
60.0,93.07692,91.0,206.9314,118.0,60.0,114.0,0.0,0.0,687.7579,100.17208,0.0,0.086496525,3.0,0,0,8
508.0,54.0,54.0,8631.911,66.0,106.0,89.0,0.0,0.0,129.78082,64.1546,0.0,0.7942772,6.0,0,0,8
249.60327,78.0,82.0,172.72238,95.31573,60.0,290.601,0.0,0.0,20908.822,86.0,0.0,0.5,0.0,0,0,8
370.59155,54.0,54.0,14531.268,4762.02,60.0,592.6827,1293.0493,653.2672,11906.394,476.04745,17.14253,1.3636364,8.0,3,0,8
60.0,61.38674,91.0,1174.3372,400.26028,0.0,89.0,0.0,0.0,66.28966,114.0,0.0,0.20649911,145.73672,0,0,8
226.0,54.0,54.0,198.0,76.0,157.01535,139.72247,0.0,0.0,7983.024,75.5,0.0,0.85714287,2.0,0,1,8
783.3611,54.0,54.0,18082.98,255.0,70.0,345.0802,217.38437,589.41003,4162.27,89.0,48.673283,1.8966446,5.0,3,2,8
106.0,95.0,98.0,650.0,114.0,60.0,132.83441,0.0,0.0,1058.9218,107.97675,0.0,0.5,4.0,0,0,8
726.48724,54.0,54.0,949841.1,2411.9675,60.0,415.23856,1938.0563,669.99866,2965.8943,140.46663,273.10416,4.855594,35.944443,3,3,8
633.23834,54.0,54.0,58462.965,1514.0,60.0,337.06848,644.95105,626.9106,2392.0334,116.0,22.0,1.5,9.549566,3,0,8
68.333336,112.48478,89.0,245.21463,115.0,60.0,113.0,0.0,0.0,1037.9156,95.0,0.0,0.25,3.0,0,0,8
444.14435,61.166668,54.0,7280.5513,78.0,168.26662,87.96172,0.0,0.0,55.378086,54.0,0.0,0.5,5.0,0,0,8
106.0,54.0,54.0,8637.093,82.0,70.0,61.166668,0.0,0.0,52.559547,73.71662,0.0,0.6666667,30.006426,0,2,8
254.91077,61.36082,54.0,206.0169,60.0,155.9425,89.0,0.0,0.0,437.05508,54.0,0.0,0.5,2.0,0,0,8
627.0266,54.0,54.0,23097.512,1714.4713,60.0,387.4273,626.4335,623.43915,3802.3486,155.04022,14.0,1.4307584,7.0,3,0,8
659.0,54.0,54.0,5904.5806,75.65881,118.0,199.85591,0.0,0.0,2953.1638,75.0,0.0,1.0779035,2.0,0,0,8
626.0,54.0,54.0,306.28177,66.00849,231.54738,226.63777,0.0,0.0,10436.335,54.0,0.0,1.0,0.0,0,0,8
440.7151,54.0,70.0,659.0,113.102875,60.0,283.66666,0.0,0.0,7333.9443,105.63892,0.0,0.75,2.0,0,0,8
60.0,54.0,83.0,636.0,1824.8553,60.0,248.33333,19.416489,12.811602,3582.5374,281.40012,0.0,0.5,6.0,0,0,8
133.40192,61.166668,54.0,205.0,91.0,100.16584,114.0,0.0,0.0,205.56961,59.995987,0.0,0.26218942,2.0,0,0,8
616.53345,54.0,54.0,295.57294,77.98231,206.0,316.05002,0.0,0.0,24121.59,77.49152,0.0,1.1676853,0.0,0,0,8
91.5,76.0,60.0,533.0,83.0,78.48391,91.0,0.0,0.0,193.10596,73.12389,0.0,0.5,4.0,0,0,8
549.8931,54.0,54.0,205.0,77.0,153.88078,262.2806,0.0,0.0,17220.307,60.0,0.0,0.83384544,0.0,0,0,8
82.56685,54.0,54.0,8232.877,122.0,70.0,85.5649,31.209745,30.528675,121.95288,79.09091,11.0,1.0,56.43698,3,3,8
697.4301,54.0,54.0,5185.168,60.0,254.0,149.81868,0.0,0.0,3015.4521,60.0,1.0,1.25,2.0,0,2,8
327.4381,54.0,54.0,5852.205,2447.2908,60.0,579.43304,544.63745,584.49133,25220.342,318.98856,8.0,1.2142857,4.0,0,0,8
226.0,77.0,86.0,8316.86,91.0,60.0,93.50117,0.0,0.0,139.10237,87.0,0.0,0.5,7.0,0,0,8
756.99963,54.0,54.0,1152934.5,2423.0,60.0,415.95526,3147.2588,679.00336,2867.6572,116.02449,371.92206,6.1979156,98.102875,4,3,8
571.52325,54.0,54.0,9221.146,618.4828,60.0,366.64444,210.13802,564.107,5984.0166,115.0,12.0,1.3571428,5.0,3,0,8
595.636,54.0,54.0,8542.125,83.0,140.54915,135.94527,0.0,11.785113,1293.758,75.0,11.0,1.2874405,5.0,0,3,8
105.13726,78.833336,74.0,642.6257,91.541466,60.0,95.0,0.0,0.0,148.06697,76.98072,0.0,0.5,5.0,0,0,8
639.3858,54.0,54.0,636.0,79.0,191.64854,295.7022,0.0,0.0,15303.428,78.0,1.0,1.2307693,1.0,0,0,8
70.0,106.0,74.57333,0.0,91.0,68.00145,133.6322,0.0,0.0,9398.508,83.0,0.0,0.2684694,0.0,0,0,8
60.0,60.0,54.0,1120.7811,96.0,54.0,61.166668,0.0,0.0,93.45102,82.0,0.0,0.5,17.582747,0,0,8
191.88072,61.166668,54.0,7835.1343,82.0,90.20495,89.0,0.0,0.0,39.621395,60.0,0.0,0.5,7.0,0,0,8
508.0,54.0,54.0,29431.773,1514.0,60.0,263.02756,652.3078,623.00916,1300.0326,114.0,32.482502,1.4157803,23.771845,3,2,8
156.16927,54.0,54.0,17341.332,254.39874,60.0,93.07692,111.58649,510.7476,112.29991,82.9169,11.0,1.0909091,196.19534,3,3,8
94.666626,54.0,54.0,7701.619,2444.8306,60.0,290.6267,586.9551,589.2752,3341.546,261.24808,9.0,1.0,9.0,3,0,8
614.7588,54.0,54.0,2785.398,60.0,235.86711,130.18842,0.0,0.0,1482.4786,54.0,0.0,1.0,2.0,0,0,8
635.0,54.0,54.0,607.8975,115.0,185.0,477.47375,0.10190562,11.785113,90589.08,89.0,73.76727,1.6924701,1.0,3,2,8
108.38613,60.0,54.0,1739.6255,66.0,106.0,77.98017,0.0,0.0,136.61499,66.0,0.0,0.5,5.0,0,0,8
118.0,54.0,54.0,678.85913,95.0,106.0,129.22997,0.0,0.0,1522.6545,79.0,12.0,1.0,5.0,3,3,8
1306.8557,54.0,54.0,1919.8483,92.0,185.0,644.18317,0.0,11.785113,101754.94,85.0,19.0,2.0,0.0,0,0,8
565.4875,54.0,54.0,8775.883,1514.0,60.0,425.59146,635.7415,604.9469,14268.686,115.0,223.83263,1.9954683,5.0,3,3,8
648.72156,54.0,54.0,96432.77,112.95083,60.0,134.66667,63.75563,540.60095,240.66365,79.992935,9.0,1.3076923,13.957217,0,2,8
517.0,54.0,54.0,2045.8462,302.0,106.0,387.81564,97.03835,275.18793,22891.865,94.19117,157.89041,1.6094425,3.0,3,3,8
104.98676,54.0,54.0,9365.303,98.0,60.0,77.99927,0.38985923,16.710522,69.361916,78.0,1.0,0.84499735,150.64081,0,3,8
72.79168,98.53782,95.0,120.0,115.0,60.0,230.71562,0.0,0.0,11068.315,114.0,0.0,0.33333334,1.0,0,0,8
60.0,61.166668,81.0,2960.8523,118.0,60.0,114.0,0.0,0.0,41.261803,82.0,0.0,0.08559018,9.623827,0,0,8
346.16354,74.0,54.0,200.83209,59.98733,254.1837,113.666664,0.0,0.0,3139.2063,54.0,0.0,0.5,0.0,0,0,8
605.0,54.0,54.0,8578.524,2423.0,60.0,701.0356,1179.1837,629.64294,45429.76,188.49615,285.72787,2.9990823,5.0,3,2,8
1306.0454,54.0,54.0,6964.9927,94.01089,118.0,472.37192,0.0,34.822098,33851.375,83.0,14.0,1.8428345,2.0,0,0,8
796.9112,54.0,54.0,17982.14,1514.0,82.0,584.77765,1196.3247,647.1322,19012.965,111.25803,372.83307,6.242383,6.0,4,3,8
604.5106,54.0,60.0,4151.9785,487.84296,60.0,479.42007,0.0,16.8186,22927.07,178.59131,0.0,1.0,2.0,0,0,8
91.5,54.0,54.0,1984.4565,3232.52,60.0,449.25156,763.9208,596.8713,20295.201,331.36615,30.0,1.2456563,6.0,3,0,8
350.0,54.0,77.0,5821.9717,525.9411,60.0,314.62277,0.0,17.059704,4868.384,156.2288,0.0,0.7800655,4.0,0,0,8
625.3042,54.0,78.0,7776.5244,617.0,60.0,458.58655,15.459555,269.8392,13066.267,209.02486,0.0,1.0,2.0,0,0,8
533.3854,54.0,54.0,636.0,590.55634,70.0,637.79114,108.96091,267.86795,115314.98,116.15611,94.767105,1.5833334,2.0,3,1,8
554.64825,54.0,54.0,950585.5,4932.2993,60.0,481.50092,6515.851,697.8339,4099.4233,300.67032,328.40985,4.9814887,328.26303,4,3,8
326.64346,84.31551,54.0,300.0289,78.0,106.0,115.0,0.0,0.0,1607.5837,71.6778,0.0,0.5,2.0,0,0,8
282.1349,72.49959,60.0,7141.817,60.0,106.0,76.0,0.0,0.0,98.21118,60.0,0.0,0.5,6.0,0,0,8
377.73892,54.0,54.0,7724.195,2417.7925,60.0,465.53564,644.73047,603.9829,17402.459,225.51735,34.93937,1.4,5.0,3,0,8
94.310936,54.0,54.0,11605.513,86.0,60.0,61.166668,0.0,0.0,14.73044,75.44638,0.0,0.5,209.94896,0,2,8
634.7723,54.0,54.0,9059.501,528.0,60.0,395.61462,339.1646,576.17993,10304.247,106.54576,53.19408,1.655599,5.0,3,2,8
64.89661,54.0,54.0,7867.1265,9738.182,60.0,423.23172,2562.5981,651.0759,8486.278,719.195,32.006596,1.1911858,35.839962,3,0,8
85.5,82.17697,82.0,156.87552,95.0,60.0,168.40094,0.0,0.0,7309.7305,89.0,0.0,0.5,2.0,0,0,8
94.0,69.57717,54.0,205.0,115.0,93.307045,115.0,0.0,0.0,357.05164,64.134125,0.0,0.13968608,2.0,0,0,8
647.34235,54.0,54.0,8390.553,527.0,60.0,448.62973,19.416489,422.75467,11499.587,156.6231,0.0,1.1400472,3.0,0,0,8
85.5,95.0,114.0,321.23123,115.0,60.0,147.53192,0.0,0.0,2881.6582,114.0,0.0,0.5,2.0,0,0,8
671.97046,54.0,54.0,2377.9458,1292.0,60.0,996.2903,71.098175,459.51276,176827.53,218.05193,7.0,1.3636364,1.0,0,0,8
64.5,54.0,54.0,8734.651,82.0,60.0,60.0,0.0,0.0,12.802995,71.472786,0.0,0.5,333.6416,0,2,8
206.40962,54.0,54.0,8018.0903,78.0,82.0,77.38001,0.0,0.0,97.46463,70.29149,0.0,0.625,8.0,0,0,8
518.03424,54.0,54.0,1032775.94,1779.6807,60.0,196.48186,1293.2809,658.59143,317.98035,99.99593,269.82953,1.9966958,1054.5708,4,6,8
667.0932,54.0,54.0,8277.338,186.0,60.0,372.91718,0.0,26.875824,7069.643,109.2653,0.0,1.090542,2.0,0,0,8
118.0,114.0,54.0,106.0,91.0,106.0,116.399086,0.0,0.0,4797.0166,74.0,0.0,0.33333334,0.0,0,0,8
72.80074,54.0,54.0,8689.764,86.0,68.74532,61.166668,0.0,0.0,40.522446,74.9547,0.0,0.5,144.34158,0,2,8
844.92706,54.0,54.0,9921.722,1292.0,60.0,687.5829,620.77905,614.1075,38312.902,115.0,230.00763,4.53215,3.0,3,2,8
1312.2306,54.0,54.0,6110.3794,89.0,226.0,451.4174,0.0,17.797174,34459.016,79.0,35.099873,2.1798377,2.0,3,2,8
107.18907,54.0,54.0,650.0,254.15286,106.0,217.25099,50.00962,13.668399,5338.161,89.0,42.29651,1.25,5.0,3,3,8
598.16174,60.0,54.0,842.89777,64.15857,134.57143,132.4276,0.0,0.0,1609.8596,54.0,0.0,0.6666667,2.0,0,0,8
569.87384,54.0,54.0,9866.9,2451.522,60.0,648.46436,1250.0264,646.1811,25972.342,211.21954,286.10577,2.860744,6.0,3,2,8
86.75374,54.0,54.0,7302.756,1381.4801,60.0,159.24106,148.77936,477.40576,1273.0345,140.40175,2.0,0.8598847,10.776417,0,0,8
60.0,77.993286,82.0,1118.8722,96.0,60.0,82.0,0.0,0.0,119.17773,88.16425,0.0,0.5,9.0,0,0,8
344.73334,54.0,54.0,7948.6055,4776.379,60.0,841.66205,1728.6968,649.18207,52307.367,469.199,189.68633,1.6581134,6.0,3,0,8
348.7198,73.752464,54.0,198.0,54.0,109.5302,85.083084,0.0,0.0,603.3216,54.0,0.0,0.5,2.0,0,0,8
509.19592,54.0,54.0,23512.1,1297.5839,60.0,250.56833,700.68494,625.6755,1459.1558,98.0,220.1388,1.791969,32.0,3,3,8
771.8267,54.0,54.0,7762.1094,528.0,60.0,673.3206,201.4953,557.95154,51448.67,114.0,46.503586,2.0,2.0,3,0,8
106.0,60.0,66.0,10977.564,77.86738,60.0,78.0,0.0,0.0,12.779539,76.0,0.0,0.5,102.66222,0,0,8
620.02325,54.0,54.0,1098.0,88.13743,229.0,302.02737,0.0,0.0,14917.196,78.0,25.963202,1.4550102,2.0,3,3,8
196.46796,54.0,54.0,10506.642,4759.6533,60.0,451.14566,1252.5399,647.1589,7406.6104,465.9739,14.0,1.2727273,12.0,3,0,8
641.46686,54.0,54.0,2502.7065,89.0,320.83612,316.06607,0.0,11.785113,15767.466,76.0,190.18211,1.9412662,2.0,3,8,8
204.0,54.0,54.0,636.0,60.0,106.0,61.166668,0.0,0.0,131.36794,54.0,0.0,0.5,5.0,0,2,8
456.5502,54.0,54.0,300.0,73.996635,226.0,159.33333,0.0,0.0,6517.222,66.0,0.0,1.0,2.0,0,0,8
188.64609,54.0,54.0,18583.809,8288.421,60.0,450.38043,4043.628,673.8902,5540.4575,474.31357,209.3566,1.5,143.95546,3,0,8
342.20297,54.0,54.0,9097.04,122.0,107.24492,132.77127,89.92988,455.49326,675.59265,78.46154,98.63535,1.3636364,9.954636,3,8,8
783.80096,54.0,54.0,1131823.1,2405.1035,60.0,405.1445,2913.3645,678.1756,2884.0176,114.0,381.45154,6.24986,66.70225,4,6,8
729.0215,54.0,54.0,9344.985,74.0,106.0,134.66667,0.0,0.0,740.6287,70.02184,0.0,1.0909091,4.0,0,0,8
327.31204,54.0,54.0,30874.104,2423.0,60.0,268.3655,1222.9824,648.1932,1298.4934,155.8983,127.967705,1.4285715,169.8459,3,2,8
219.53947,54.0,54.0,627.0131,74.0,68.3143,61.166668,0.0,0.0,123.4383,60.0,0.0,0.5,7.0,0,3,8
106.45548,54.0,54.0,10098.315,1577.626,60.0,167.50528,602.9108,595.74695,851.2201,115.64672,20.001701,1.2200279,47.00459,3,2,8
106.0,54.0,54.0,7782.663,190.0,60.0,113.99203,33.51854,37.76401,444.99905,86.56596,9.838826,1.0,14.0,3,2,8
773.2308,54.0,54.0,804.8298,82.71483,106.0,407.98914,0.0,0.0,29356.256,82.0,0.0,1.25,0.0,0,0,8
329.26694,54.0,54.0,9113.884,2444.6382,60.0,417.16537,550.42804,598.58075,6141.057,311.23404,0.0,1.0,6.9974194,0,0,8
106.0,54.0,54.0,1746.8401,528.0,60.0,221.5596,73.516884,60.47942,3588.6914,110.52107,12.0,1.0600523,6.0,3,2,8
189.12123,54.0,54.0,631.48236,78.0,106.0,114.0,0.0,0.0,1259.3591,77.0,0.0,0.56809545,3.0,0,0,8
254.0,54.0,54.0,420.0,59.076088,111.39374,81.91891,0.0,0.0,574.4354,54.0,0.0,0.6666667,3.0,0,2,8
513.38226,54.0,54.0,55559.86,734.1695,60.0,215.53207,676.7087,625.96045,689.0572,91.93423,225.22948,1.7967851,76.88116,3,5,8
106.0,91.0,114.0,5134.3115,186.0,60.0,132.03583,0.0,0.0,540.642,115.0,0.0,0.5,5.0,0,0,8
627.8483,54.0,54.0,5175.7915,82.0,231.41765,233.98758,0.0,0.0,5249.915,74.0,15.77295,1.4,3.0,3,3,8
147.17546,61.166668,54.0,205.0,95.0,106.0,114.0,0.0,0.0,260.28256,58.677776,0.0,0.25,2.0,0,0,8
1425.9595,54.0,54.0,46997.953,89.010414,60.0,334.84268,0.0,360.4686,2485.3718,83.0,0.0,1.3333334,3.0,0,0,8
507.87567,54.0,54.0,6777.7334,406.72327,60.0,347.659,19.329592,91.17056,7139.509,122.8,0.0,1.0212808,4.0,0,0,8
512.5076,54.0,54.0,6859.1826,2414.1936,60.0,664.6864,315.28387,572.00037,30174.822,314.30157,0.0,1.2,3.0,0,0,8
760.5593,54.0,54.0,15536.01,1514.0,86.434586,591.58905,1156.4044,638.5169,23486.36,109.936104,369.61786,6.2115808,5.0,4,4,8
204.0,70.0,54.0,108.0,74.0,82.50716,117.791115,0.0,0.0,5304.9546,60.0,0.0,0.5,1.0,0,0,8
60.0,81.509,98.0,228.99873,186.0,0.0,115.0,0.0,0.0,231.27779,112.843056,0.0,0.0,5.0,0,0,8
420.39667,78.0,54.0,5171.0,70.0,106.0,84.25,0.0,0.0,170.62646,60.0,0.0,0.5,4.0,0,0,8
68.333336,54.0,54.0,3646.7678,4792.9478,60.0,452.42157,786.14374,605.35,15667.843,625.39044,10.0,1.0,7.0,3,0,8
532.9138,54.0,54.0,3508.2295,301.34256,60.0,392.42096,15.372447,30.863083,15990.374,114.0,2.0,1.2196966,2.0,0,0,8
365.875,54.0,54.0,5124.9204,73.74837,197.90038,93.07692,0.0,0.0,540.0417,60.635677,0.0,0.98270226,5.0,0,2,8
1353.2173,54.0,54.0,6214.802,74.0,227.64424,323.2314,0.0,0.0,10978.053,72.05062,1.0,1.4,1.7290231,0,0,8
662.6972,54.0,54.0,1235358.1,3138.2368,60.0,431.6722,4277.413,686.1925,2910.4958,177.98291,351.45712,5.9650645,204.0,4,3,8
647.12085,54.0,60.0,8711.174,78.0,60.0,135.33333,0.0,0.0,726.287,78.0,0.0,0.85714287,4.0,0,0,8
70.77514,85.0,82.0,373.96164,82.0,60.0,93.07692,0.0,0.0,656.95483,82.0,0.0,0.5,4.0,0,0,8
508.0,54.0,54.0,536.14355,60.0,249.93405,116.00833,0.0,0.0,1747.9838,54.0,0.0,0.84161943,2.0,0,0,8
506.84775,54.0,54.0,279.20425,54.51161,267.30875,93.07692,0.0,0.0,1488.8308,54.0,0.0,0.83868957,2.0,0,3,8
1311.2749,54.0,54.0,510767.2,526.0,60.0,374.7934,652.9985,638.98157,2852.785,91.808655,190.3436,4.0083027,8.0,3,3,8
60.0,96.31455,91.374725,102.62037,109.084206,0.0,102.44028,0.0,0.0,2655.946,97.31864,0.0,0.09201398,2.0,0,0,8
60.0,61.92659,78.0,658.99243,186.0,0.0,79.0,0.0,0.0,108.35724,95.0,0.0,0.33394352,20.655241,0,0,8
70.0,89.75294,74.0,146.73425,91.0,60.974525,106.0,0.0,0.0,1250.027,78.706635,0.0,0.25,2.0,0,0,8
552.6029,54.0,54.0,16016.159,186.0,60.0,182.14279,17.028027,339.9585,683.6857,92.85714,0.0,1.033781,7.0,0,0,8
532.12274,54.0,54.0,517.0,2428.4502,60.0,1238.1881,275.11392,502.65576,514091.16,388.82178,12.0,1.3704252,0.0,0,0,8
343.30167,54.0,54.0,1161.3497,275.0,60.0,318.80792,0.0,11.723541,9306.61,114.0,0.0,1.0,3.0,0,0,8
493.43164,54.0,85.0,5171.183,186.0,60.0,290.5964,0.0,0.0,4636.0713,115.745575,0.0,0.6666667,3.0,0,0,8
344.53732,54.0,54.0,10779.022,1884.8223,60.0,323.29434,601.3593,605.9931,3117.3948,178.69717,12.0,1.2666667,9.0,3,0,8
585.9099,54.0,54.0,523558.06,1814.707,60.0,266.59717,1286.4773,657.62213,863.8995,108.42291,273.5711,2.4564793,208.07448,3,3,8
726.2067,54.0,54.0,10585.817,98.0,60.0,283.66666,0.0,31.441046,2676.7612,92.36366,0.0,1.1058205,3.7920787,0,0,8
411.74503,54.0,54.0,1002.97363,3824.3845,60.0,1221.9059,842.90137,609.4142,284395.6,512.88885,73.35736,1.5,2.0,3,0,8
732.9989,54.0,54.0,1224.0,100.0,164.57216,487.98425,0.0,14.5188465,62535.836,87.0,32.911034,1.8333334,2.0,3,2,8
598.1105,54.0,54.0,8828.879,186.0,106.0,267.33334,83.09952,486.69586,3697.475,85.0,34.72006,1.4615384,5.0,3,3,8
67.90212,87.23603,89.065895,636.0,118.0,60.0,114.0,0.0,0.0,193.88518,94.0,0.0,0.16449998,5.0,0,0,8
517.0,54.0,54.0,1096.5332,76.0,106.0,134.66667,0.0,0.0,1908.3867,74.0,0.0,0.75,2.0,0,0,8
596.28534,54.0,54.0,473025.12,2464.5234,60.0,376.3677,2005.2377,668.7359,2183.525,180.16724,223.01099,2.0,120.15925,3,2,8
68.333336,78.0,76.0,633.3705,89.0,60.0,93.07692,0.0,0.0,514.2359,85.75997,0.0,0.5,5.0,0,0,8
106.0,81.0,83.0,1296.1425,91.0,60.0,103.03433,0.0,0.0,517.0284,89.0,0.0,0.5,5.0,0,0,8
485.8619,86.0,54.527435,205.0,82.0,106.0,177.64246,0.0,0.0,7850.954,76.0,0.0,0.5,0.0,0,0,8
673.0002,54.0,54.0,232.99486,254.13853,60.0,1099.3207,0.0,0.0,383024.78,154.11601,0.0,1.25,0.0,0,0,8
172.0,60.0,54.0,659.98456,60.0,132.1213,78.944115,0.0,0.0,259.34174,60.0,0.0,0.5,4.0,0,0,8
510.9232,54.0,54.0,407.4195,54.0,198.0,85.35286,0.0,0.0,831.74,54.0,0.0,0.837597,3.0,0,3,8
60.0,86.412766,98.654305,547.6118,526.0,60.0,140.0,0.0,0.0,1675.1049,181.00977,0.0,0.5,5.0,0,0,8
779.85345,54.0,54.0,657.0,81.45755,150.95496,393.0891,0.0,0.0,30197.48,79.09091,0.0,1.3185441,0.0,0,0,8
658.0624,54.0,54.0,5950.8965,1514.0,60.0,886.7296,545.53845,589.3523,125707.63,161.4151,150.8909,2.181556,2.0,3,0,8
109.37116,60.144436,94.95151,5054.2544,1514.0,60.0,289.90918,0.0,27.906267,3619.5566,251.82907,0.0,0.5,5.0,0,0,8
652.8284,54.0,54.0,3468.5142,527.0,60.0,680.37476,67.301476,314.20865,72657.96,139.14987,12.0,1.4310117,2.0,0,0,8
86.78026,79.6255,79.0,1029.3505,114.0,60.0,100.77111,0.0,0.0,135.89244,81.0,0.0,0.33333334,5.0,0,0,8
490.4708,82.0,54.0,5171.0,80.0,106.0,85.565216,0.0,0.0,190.23637,60.0,0.0,0.5,3.0,0,0,8
116.24502,54.0,54.0,3726.0024,4776.939,60.0,710.06555,892.2785,613.9298,51377.32,640.01373,12.0,1.230761,5.0,3,0,8
533.0,54.0,54.0,226.0,54.0,106.0,77.02458,0.0,0.0,690.7374,54.0,0.0,0.8,3.0,0,6,8
106.0,82.31903,54.0,206.0,100.0,105.0,114.0,0.0,0.0,547.1458,66.28723,0.0,0.33333334,2.0,0,0,8
106.0,91.0,77.0701,120.0,87.5912,70.0,136.89674,0.0,0.0,6763.707,83.0,0.0,0.5,0.0,0,0,8
727.5252,54.0,54.0,9977.93,405.70667,118.0,429.90518,578.4198,601.0975,15216.568,90.15748,302.13068,5.2788606,5.0,3,5,8
60.0,54.0,54.0,205.0,528.0,60.0,243.79013,0.0,0.0,10002.633,155.64426,0.0,0.5,3.0,0,0,8
229.85283,94.0,79.0,850.0385,109.02524,60.0,119.279816,0.0,0.0,695.55554,82.0,0.0,0.5,3.0,0,0,8
515.5349,54.0,54.0,5169.0933,56.62268,229.0,89.77737,0.0,0.0,385.03305,54.0,0.0,0.85714287,4.0,0,2,8
502.4852,54.0,54.0,2642.2642,1174.0406,82.0,467.54648,457.09567,540.3339,43424.176,114.0,236.59885,1.8896799,3.0,3,3,8
487.6388,61.29703,54.0,5122.1216,60.0,226.01859,80.0,0.0,0.0,112.71096,54.0,0.0,0.5,4.0,0,0,8
204.0,87.79257,82.0,739.52655,91.0,60.0,125.67646,0.0,0.0,873.58997,83.0,0.0,0.5,3.0,0,0,8
62.05932,54.0,54.0,205.0,528.0,60.0,254.64325,0.0,0.0,10999.252,155.11617,0.0,0.5,3.0,0,0,8
109.942726,91.0,83.0,645.75336,97.94713,60.0,116.95922,0.0,0.0,699.8406,88.322975,0.0,0.5,3.0,0,0,8
74.28799,82.0,70.793465,108.0,89.0,70.0,171.37605,0.0,0.0,12403.003,82.0,0.0,0.5,0.0,0,0,8
106.66784,54.0,54.0,1150.8511,114.0,106.0,133.87302,0.0,0.0,1989.207,82.0,12.0,1.0971857,6.0,3,3,8
968.0418,54.0,54.0,504.47882,96.0,70.0,652.55896,0.0,0.0,137857.27,87.0,0.0,1.1428572,0.0,0,0,8
82.509735,103.237526,76.0,204.8805,114.0,60.0,114.0,0.0,0.0,1523.6835,82.0,0.0,0.2948415,2.0,0,0,8
1427.5048,54.0,54.0,5362.0,60.0,486.15445,359.0387,0.0,0.0,17356.975,54.0,4.0,1.5371108,0.0,0,0,8
60.0,114.16644,78.0,106.0,116.0,60.0,126.0701,0.0,0.0,4204.5327,89.0,0.0,0.09297849,1.0,0,0,8
608.79156,54.0,54.0,636.0,79.0,499.72058,263.90152,0.0,0.0,13540.653,70.2299,31.022894,1.4450564,2.0,3,3,8
72.80533,54.0,54.0,7256.902,403.42374,60.0,120.474815,14.289276,18.55096,380.7394,114.0,0.0,0.5,12.427694,0,0,8
812.3539,54.0,54.0,658.29126,78.89805,151.70074,384.81702,0.0,0.0,26832.928,78.57282,0.0,1.2857143,0.0,0,0,8
657.0,54.0,54.0,1254.0409,583.5667,82.0482,825.1564,209.62277,502.82974,186448.27,115.0,188.73692,2.4590096,2.0,3,2,8
60.0,86.0,90.0,249.59392,401.2283,0.0,120.63869,0.0,0.0,1247.6381,152.98792,0.0,0.33333334,6.0,0,0,8
625.15454,54.0,54.0,47955.785,1514.0,60.0,331.33847,674.219,630.4782,2468.1875,114.0,106.40503,1.7198597,13.0,3,2,8
912.9092,54.0,54.0,129423.48,526.0,60.0,363.3677,586.6751,623.6612,3085.1338,95.0,104.45437,2.1886523,7.0,3,2,8
68.333336,54.0,54.0,8010.014,9331.718,54.0,438.46146,1808.9452,646.3737,8918.538,740.98047,13.0,1.1057813,17.0,3,0,8
604.41785,54.0,54.0,530.0,66.0,320.88873,239.59184,0.0,0.0,11308.765,64.79715,8.0,1.25,1.8101937,0,2,8
264.4283,81.93292,54.0,205.0,54.0,240.77107,82.0,0.0,0.0,846.24316,54.0,0.0,0.5,2.0,0,0,8
1432.1534,54.0,54.0,8713.292,82.0,231.6332,448.4295,0.0,29.801676,22053.627,75.78065,17.018389,2.5892947,2.0,0,2,8
109.9252,60.0,54.0,1949.0897,95.0,106.0,114.0,0.0,0.0,44.153145,54.0,0.0,0.33333334,5.0,0,0,8
60.0,92.97015,60.0,60.77043,118.0,60.0,116.0,0.0,0.0,2150.2744,82.0,0.0,0.0,1.0,0,0,8
516.9469,61.430595,54.0,205.0,54.0,136.55124,70.0,0.0,0.0,526.7798,54.0,0.0,0.5,2.0,0,2,8
97.0,54.0,54.0,8448.355,524.0,60.0,122.83057,177.6609,489.17538,484.8499,92.5703,14.0,1.0874949,37.527554,3,3,8
226.0,61.166668,54.0,535.28284,78.0,198.00444,94.0,0.0,0.0,127.51252,54.0,0.0,0.5,3.0,0,0,8
155.01768,54.0,54.0,5938.3657,1514.0,60.0,295.69583,214.72981,504.40475,5307.3296,155.89871,11.0,1.1445582,6.0,3,0,8
605.0,54.0,82.0,13024.424,1825.978,60.0,452.42633,151.58295,584.6092,6351.1,283.67838,0.0,1.0,5.0,0,0,8
454.95868,54.0,54.0,5134.4165,82.0,70.0,133.10205,0.0,0.0,1245.289,78.33294,0.0,0.8,4.0,0,0,8
440.68616,54.0,54.0,6013.9634,82.0,106.0,132.5584,0.0,0.0,1166.8967,77.0,0.0,1.0,5.0,0,2,8
324.41214,54.0,54.0,76107.57,4759.0,60.0,383.6649,3183.0107,672.5691,2867.4001,286.9646,224.36017,1.6467861,204.33315,3,2,8
70.0,90.0,98.0,1842.6167,114.0,60.0,93.85714,0.0,0.0,280.8488,100.0,0.0,0.5,6.0,0,0,8
352.17017,54.0,54.0,10043.318,3785.192,60.0,553.19556,2141.695,654.37415,16483.77,281.49484,273.3981,1.957531,8.0,3,2,8
206.0,54.0,54.0,17836.188,679.1928,60.0,133.86726,596.5409,601.0967,429.24188,94.0,95.28225,1.3333334,179.12502,3,3,8
106.0,94.70921,74.000786,205.0,89.0,70.0,119.32248,0.0,0.0,2405.6624,79.27868,0.0,0.5,2.0,0,0,8
78.0,97.41454,54.0,0.0,117.007706,60.0,116.0,0.0,0.0,5435.2725,78.46154,0.0,0.0,0.0,0,0,8
106.0,84.25,83.0,7247.251,98.0,60.0,91.0,0.0,0.0,105.35732,88.0,0.0,0.5,7.0,0,0,8
514.6518,54.0,54.0,31644.352,4761.8013,60.0,567.1319,4063.778,676.4049,10236.327,287.48535,312.78018,3.009096,21.62226,4,2,8
68.333336,81.96556,93.72727,5941.8223,114.0,60.0,95.0,0.0,0.0,102.24764,96.8599,0.0,0.33333334,9.0,0,0,8
659.2162,54.0,54.0,672.25037,54.0,511.09354,122.88214,0.0,0.0,1723.6472,54.0,0.0,1.0,2.0,0,0,8
598.09784,54.0,54.0,69207.16,3800.3403,60.0,588.4607,3354.5332,675.761,10229.409,255.25887,309.7166,4.361306,16.0,4,2,8
106.0,54.0,54.0,228.99915,96.0565,68.333336,132.43047,0.0,0.0,3382.3276,82.0,10.0,0.85714287,4.0,0,3,8
152.08582,54.0,54.0,7721.771,95.0,60.0,94.333336,0.0,0.0,229.01755,82.37187,0.0,0.6666667,7.0,0,0,8
348.09726,83.0,55.0,636.0,79.0,106.0,93.07692,0.0,0.0,630.55133,67.950806,0.0,0.5,2.0,0,0,8
60.0,76.0,114.24059,1118.5354,268.2226,0.0,106.0,0.0,0.0,93.0931,115.0,0.0,0.09810765,19.198662,0,0,8
150.64197,54.0,54.0,8197.83,364.89612,60.0,136.93143,72.33757,286.5301,959.295,97.008,8.0,1.0,9.0,0,0,8
85.5,91.0,83.0,390.03445,91.0,60.0,112.918335,0.0,0.0,1065.324,88.0,0.0,0.5,3.0,0,0,8
106.0,82.0,82.0,517.0,83.0,60.0,119.6149,0.0,0.0,1362.6643,82.0,0.0,0.5,3.0,0,0,8
1116.131,54.0,54.0,44027.11,969.85706,99.25365,453.78384,1150.3506,647.8555,10036.347,95.0,343.63348,6.250513,6.0,4,5,8
806.3148,54.0,54.0,5712.6064,77.0,260.77002,272.26132,0.0,0.0,8518.257,66.01685,14.0,1.5,2.0,0,3,8
106.0,60.945724,65.99081,8464.011,76.0,70.0,78.0,0.0,0.0,27.491947,70.0,0.0,0.5,20.887886,0,0,8
495.50754,54.0,54.0,534.0,91.0,90.0,306.7654,0.0,0.0,15585.044,89.0,0.0,1.0460566,2.0,0,0,8
68.333336,93.07692,60.0,120.0,116.0,60.0,115.0,0.0,0.0,1745.5315,79.0,0.0,0.091983244,1.0,0,0,8
365.78308,54.0,86.929726,8023.7275,524.0,60.0,268.19254,0.0,37.04012,2443.231,155.64557,0.0,0.6666667,5.0,0,0,8
68.333336,77.55999,80.26746,626.0,114.0,60.0,114.0,0.0,0.0,132.81314,82.0,0.0,0.21814911,5.0,0,0,8
517.0,54.0,54.0,6152.6016,78.0,70.0,132.4105,0.0,0.0,842.4571,78.0,0.0,0.75,4.0,0,0,8
639.4871,54.0,54.0,2189.3232,79.0,347.3174,248.64803,0.0,0.0,8488.97,68.77893,30.982433,1.4702803,2.0,3,3,8
107.6226,54.0,66.0,582.9145,343.0,60.0,276.50647,0.0,0.0,7352.712,148.05829,0.0,0.625,3.0,0,0,8
93.61229,58.8483,60.0,530.0,95.0,60.0,132.4635,0.0,0.0,1643.1328,91.0,0.0,0.5,4.0,0,0,8
628.24805,54.0,78.0,1184.0334,364.8886,60.0,603.6791,0.0,9.490779,42470.227,191.05254,0.0,1.0,1.0,0,0,8
492.20248,54.0,54.0,8742.669,267.98035,105.97047,243.33577,201.57193,519.866,2971.7947,87.0,126.674034,1.4627908,7.0,3,3,8
551.2239,54.0,54.0,11653.795,2399.0093,60.0,454.13248,916.1498,629.41296,12039.777,160.47795,198.08784,1.9260746,7.0,3,2,8
138.23436,54.0,54.0,6565.321,78.0,75.06031,61.166668,0.0,0.0,53.090305,60.0,0.0,0.6666667,25.337969,0,3,8
247.41371,54.0,54.0,1098.0,54.465942,229.0,76.86969,0.0,0.0,221.73203,54.0,0.0,0.71428573,5.0,0,3,8
649.7877,54.0,54.0,10560.357,1816.103,60.0,583.3564,859.7604,627.0249,21733.924,142.03392,269.34583,3.0670853,5.0,3,3,8
517.0,54.0,82.0,15926.255,528.0,60.0,253.6648,30.932526,494.08176,1163.3938,146.84541,0.0,0.85714287,7.0,0,0,8
462.52542,76.88364,54.0,184.93164,82.0,311.59662,106.91439,0.0,0.0,743.751,54.0,0.0,0.5,0.0,0,0,8
579.92505,54.0,54.0,34406.56,1874.4049,60.0,360.2559,626.4463,625.7191,2485.1875,186.0,10.0,1.3333334,9.0,0,0,8
394.75815,61.166668,54.0,1188.7737,78.57263,226.0,91.0,0.0,0.0,110.31821,54.0,0.0,0.5,3.0,0,0,8
408.62506,54.0,54.0,628.7879,60.765984,236.95396,130.09833,0.0,0.0,2452.378,60.0,0.0,1.0,2.0,0,2,8
341.16663,54.0,54.0,3421.2383,2427.5144,60.0,634.24927,609.6042,587.5253,49675.39,262.44162,31.304598,1.3846154,4.0,3,0,8
673.73615,54.0,54.0,8511.25,96.0,90.22067,296.0858,0.0,61.103855,5263.966,83.0,11.0,1.3636364,3.0,0,0,8
60.0,94.04649,83.0,0.0,114.0,0.0,95.0,0.0,0.0,3161.82,112.46925,0.0,0.091426656,3.0,0,0,8
571.9967,54.0,54.0,713874.1,2924.6414,60.0,365.38333,3183.3513,677.38586,1681.3534,162.30519,300.09448,2.9623451,290.06268,4,3,8
60.0,61.166668,78.0,498.66068,118.0,60.0,115.0,0.0,0.0,115.94617,82.0,0.0,0.0,5.0,0,0,8
608.52966,54.0,54.0,7125.198,60.0,116.006325,97.602356,0.0,0.0,484.42322,54.0,0.0,0.75,3.0,0,0,8
205.65309,86.07681,55.0,636.0,91.0,77.26082,95.0,0.0,0.0,354.56464,71.97032,0.0,0.5,3.0,0,0,8
94.90909,61.166668,54.0,8442.636,79.0,65.95931,66.0,0.0,0.0,32.550064,71.44655,0.0,0.5,34.42612,0,0,8
442.8484,54.0,54.0,10745.008,4775.169,60.0,701.9157,2126.4204,657.1639,22971.166,400.13193,186.51021,1.7891703,7.0,3,0,8
806.7123,54.0,54.0,17994.777,1292.0,82.0,499.3907,883.46124,635.31964,14935.092,103.0,321.38943,6.0177693,5.24235,3,3,8
579.5227,54.0,54.0,826715.6,1822.7833,60.0,252.5379,1258.942,657.6257,568.4678,113.6297,217.03798,1.9124964,333.57593,3,3,8
331.45944,54.0,54.0,1098.0,76.0,227.46268,114.0,0.0,0.0,1291.1857,64.82032,2.0,1.0,4.0,0,3,8
682.56226,54.0,54.0,13054.764,343.0,82.56597,365.15027,406.85596,592.71387,6375.7524,90.993286,174.44511,2.1523705,5.0,3,3,8
544.65533,54.0,54.0,38269.59,341.80966,70.0,157.99257,554.34753,605.24054,557.19183,83.0,160.77904,1.5973414,36.068016,3,3,8
60.055927,74.84288,88.0,7628.3228,116.0,60.0,82.0,0.0,0.0,58.9325,91.0,0.0,0.5,37.558613,0,0,8
545.69995,54.0,54.0,16458.566,343.0,92.461945,240.15897,536.4533,595.5574,1690.1865,86.97423,210.90236,1.8333334,9.0,3,5,8
106.0,54.0,54.0,16609.84,10698.525,60.0,492.42142,4207.169,674.11584,7173.8984,737.61774,109.95411,1.3588802,125.040245,3,0,8
130.0,96.05354,82.0,657.0,114.0,60.0,107.697754,0.0,0.0,563.2044,85.0,0.0,0.5,3.0,0,0,8
104.93766,76.0,60.0,611.3796,82.0,82.0,89.0,0.0,0.0,177.12021,71.31722,0.0,0.5,4.0,0,0,8
814.4524,54.0,54.0,1092527.1,2372.1326,60.0,408.31128,2366.388,674.6361,2867.6895,115.0,319.33963,5.9809256,39.93144,4,3,8
116.7799,90.4349,95.0,253.5008,113.0,60.0,223.64362,0.0,0.0,5411.697,112.830956,0.0,0.5,2.0,0,0,8
634.0326,54.0,54.0,17272.844,116.0,60.0,214.46222,38.755714,487.6255,1000.92377,85.925896,7.0,1.2727273,7.0,0,0,8
106.0,82.0,60.0,94.58575,79.0,68.333336,132.83311,0.0,0.0,8104.383,74.0,0.0,0.5,0.0,0,0,8
512.0149,54.0,54.0,9863.706,4714.588,60.0,824.6665,2237.673,656.72314,39643.23,329.23544,266.54178,2.3302903,6.0,3,0,8
331.2969,54.0,54.0,23257.84,190.0,60.0,98.0,90.67956,526.83685,115.89592,82.0,10.0,1.1517843,149.9303,3,2,8
684.7275,54.0,54.0,1232.6361,624.0,70.0,918.6852,197.5435,504.03592,218739.28,128.0,151.4495,2.224959,2.0,3,0,8
236.0793,54.0,54.0,846.5209,55.646523,226.6686,76.85945,0.0,0.0,208.58675,54.0,0.0,0.57024413,4.0,0,2,8
109.2781,54.0,54.0,12301.522,526.4406,60.0,128.32518,92.96708,501.4016,205.68616,105.59101,0.0,0.85714287,46.149403,0,0,8
617.32965,54.0,54.0,7237.504,91.0,82.0,249.35101,0.0,3.5,3747.7065,82.0,0.0,1.2,3.0,0,0,8
226.0,54.0,54.0,23175.334,3197.141,60.0,328.06262,1552.2222,653.92,1905.7644,253.95491,92.0998,1.3636364,169.96495,3,0,8
504.87363,61.166668,54.0,205.0,82.0,235.7945,113.0,0.0,0.0,323.92108,54.0,0.0,0.5,2.0,0,0,8
757.5276,54.0,54.0,6547.868,84.72164,254.0,315.25204,0.0,14.619612,11391.501,75.0,108.26048,1.9414481,2.0,3,3,8
301.5205,70.0,82.0,205.0,114.0,60.0,336.9925,0.0,0.0,20725.547,96.0,0.0,0.5,0.0,0,0,8
571.8008,54.0,54.0,8829.874,88.0,131.04218,135.33333,0.0,15.866233,1187.7755,75.5,12.0,1.3124874,6.0,3,3,8
60.0,54.0,54.0,636.0566,95.0,60.0,87.0,0.0,0.0,310.63116,85.16111,0.0,0.5,7.0,0,0,8
632.99603,54.0,54.0,636.0,60.0,508.0,145.51982,0.0,0.0,4880.0537,54.0,3.0,1.2222222,2.0,0,3,8
83.961784,94.0,98.0,223.0,114.0,60.0,151.14395,0.0,0.0,3723.4988,113.58053,0.0,0.5,2.0,0,0,8
106.576935,54.0,54.0,8308.954,2505.248,60.0,348.8148,677.05457,610.39136,4940.969,268.7313,13.0,1.2,9.0,3,0,8
297.57404,92.38901,54.0,205.0,80.0,226.0,94.0,0.0,0.0,1423.2094,59.999405,0.0,0.5,1.0,0,0,8
157.53235,86.0,64.886086,517.99976,82.0,73.85205,94.974236,0.0,0.0,907.90094,76.00362,0.0,0.5,2.0,0,0,8
584.62885,54.0,54.0,6397.535,76.0,106.0,133.66345,0.0,0.0,1293.204,74.0,0.0,1.0,3.0,0,0,8
88.31062,54.0,54.0,636.0,91.0,70.0,101.28845,0.0,0.0,859.5838,82.0,0.0,0.6666667,5.0,0,0,8
85.5,54.0,54.0,9519.567,85.0,70.0,61.166668,0.0,0.0,29.67673,72.88088,0.0,0.6350628,197.42613,0,3,8
306.29416,61.166668,60.0,10826.541,89.99606,60.0,89.0,0.0,0.0,15.091897,60.0,0.0,0.5,12.0,0,0,8
869.3465,54.0,54.0,18631.143,186.0,60.0,329.11316,74.41636,556.48865,3111.2544,90.05274,11.0,1.4455671,5.0,0,0,8
104.29662,95.0,75.20121,205.0,89.0,66.02606,115.75855,0.0,0.0,2198.68,80.186195,0.0,0.5,2.0,0,0,8
109.91516,54.0,54.0,12419.693,186.0,60.0,90.04061,28.712008,185.37228,102.9283,82.09813,0.0,0.85714287,77.6027,0,2,8
60.0,78.833336,91.0,239.92776,118.0,0.0,114.0,0.0,0.0,230.96326,95.006966,0.0,0.0,5.0,0,0,8
332.2989,54.0,54.0,9704.654,3136.0,60.0,452.4433,637.89557,615.5376,7492.818,403.8843,0.0,1.0903863,7.0,0,0,8
531.9307,54.0,54.0,583.85315,71.294846,133.41713,134.68358,0.0,0.0,3065.4548,60.0,0.0,0.70410013,2.0,0,0,8
655.3711,54.0,60.0,533.0,186.0,60.0,695.5713,0.0,0.0,124597.414,152.22134,0.0,1.0,0.0,0,0,8
228.25613,72.0,89.0,10804.296,115.169945,60.0,98.15406,0.0,11.785113,118.56889,94.05374,0.0,0.5,10.524877,0,0,8
75.921135,86.233246,54.0,171.0,115.0,70.0,115.0,0.0,0.0,866.3427,76.0,0.0,0.113033675,2.0,0,0,8
478.67908,74.0,54.0,7585.97,60.0,121.44679,75.87614,0.0,0.0,106.04237,59.101795,0.0,0.5,5.0,0,0,8
532.9984,54.0,54.0,205459.03,310.73233,60.0,133.35164,473.0339,606.4339,171.58861,85.172424,24.274395,1.3846154,177.07445,3,3,8
550.7568,54.0,54.0,7237.8027,609.8008,60.0,420.52283,201.12065,526.2918,15842.316,114.0,22.0,1.438753,4.0,3,0,8
130.0,80.0,103.12535,5364.0,352.33514,60.0,199.80394,0.0,0.0,1424.1989,155.13472,0.0,0.5,5.0,0,0,8
185.21823,54.0,54.0,3544.3586,87.0,118.0,114.0,0.0,0.0,854.85925,76.0,8.0,1.0,6.0,0,3,8
1407.3019,54.0,54.0,8017.4004,94.1603,90.0,513.1253,0.0,32.589832,26537.564,89.0,8.0,1.5362188,2.0,0,0,8
1105.9404,54.0,54.0,4363.067,186.0,204.0,682.5851,70.66109,314.26828,123325.77,89.0,222.99202,4.482787,2.0,3,3,8
1435.8998,54.0,54.0,9329.167,85.0,205.89763,520.85175,0.0,219.65373,27968.848,78.0,20.196648,3.1120088,2.0,0,2,8
1233.9668,54.0,54.0,29924.385,186.0,70.0,349.22623,111.2493,582.692,3429.3706,88.0,15.0,1.8333334,5.0,3,0,8
234.15761,54.0,54.0,38035.848,675.4535,60.0,132.0,446.2816,596.1259,132.81586,104.75926,10.0,1.1078445,229.30032,3,0,8
129.31882,54.0,54.0,3700.0154,3279.4573,60.0,603.86273,847.19946,607.8265,37589.31,376.16843,32.97786,1.3333334,5.0,3,0,8
1322.9238,54.0,54.0,10217.356,189.6135,60.0,478.02466,38.679836,496.54218,15369.815,98.0,9.0,1.5224892,2.0,0,0,8
765.82166,54.0,54.0,7974.806,78.0,106.0,239.22954,0.0,0.0,3006.1475,77.0,0.0,1.1666666,2.0,0,0,8
608.48334,54.0,54.0,10858.406,526.0,106.0,329.51617,590.7803,600.8241,5393.7583,90.5293,273.34647,2.4922183,7.0,3,5,8
508.0853,82.0,54.0,205.0,54.0,384.3008,85.565216,0.0,0.0,1277.8613,54.0,0.0,0.5,1.0,0,0,8
234.22623,54.0,54.0,363.15753,60.0,71.53919,61.653957,0.0,0.0,316.28577,60.0,0.0,0.5,5.0,0,3,8
605.1242,54.0,54.0,17737.758,83.0,70.0,116.16245,0.0,15.568828,170.98486,76.63924,0.0,1.0,7.0,0,0,8
758.29785,54.0,54.0,549243.25,2412.5178,60.0,444.75937,2710.9775,674.2442,4578.7964,116.03729,369.16235,6.201169,21.394024,4,3,8
361.2272,54.0,54.0,24792.777,343.0,60.0,132.26717,176.56958,568.13477,176.08026,91.0,9.0,1.155289,64.93096,3,1,8
60.0,89.0,100.0,2442.3835,321.68243,59.99117,93.07692,0.0,0.0,167.29399,116.00044,0.0,0.33333334,9.468951,0,0,8
60.0,60.0,54.0,1044.4194,96.0,58.464912,74.22092,0.0,0.0,118.073105,83.84099,0.0,0.5,12.0,0,0,8
514.1024,82.0,54.0,223.0,78.0,118.0,143.60106,0.0,0.0,5807.046,74.0,0.0,0.5,0.0,0,0,8
726.9161,54.0,54.0,9188.634,1514.0,60.0,670.6908,190.61142,581.85596,23970.64,202.22878,4.0,1.3636364,3.0,0,0,8
186.94252,54.0,54.0,542.8829,79.0,106.0,129.36884,0.0,0.0,1724.3206,77.72155,0.0,0.6666667,3.0,0,0,8
185.0,54.0,54.0,4395.2827,200.0,60.0,181.82123,0.0,0.0,1843.0248,107.51591,0.0,0.6666667,5.0,0,0,8
69.43423,60.0,60.0,5351.288,114.0,60.0,114.0,0.0,0.0,23.977854,72.3045,0.0,0.20196183,9.0,0,0,8
807.48193,54.0,54.0,1094.3837,92.552925,70.0,467.4628,0.0,0.0,43116.84,91.0,0.0,1.25,0.0,0,0,8
628.4165,54.0,54.0,7913.888,81.14067,204.0,142.0,0.0,0.0,1707.2821,72.04754,11.0,1.3151652,4.0,0,3,8
515.4028,54.0,54.0,8875.5205,96.0,60.0,141.3344,0.0,13.2982025,867.88245,87.0,0.0,1.0,6.0,0,0,8
514.53235,54.0,54.0,616.2378,54.0,432.85648,87.36,0.0,0.0,717.49316,54.0,0.0,0.85714287,2.0,0,3,8
204.0,86.0,83.0,205.0,93.72727,60.0,221.2653,0.0,0.0,7315.3633,89.0,0.0,0.5,1.9547943,0,0,8
205.70345,54.0,54.0,258.0,62.018345,85.5,84.25,0.0,0.0,597.01697,60.0,0.0,0.5,4.0,0,2,8
240.0776,54.0,54.0,205.0,61.84809,107.53129,97.06979,0.0,0.0,2402.782,60.0,0.0,0.6666667,2.0,0,2,8
650.11444,54.0,54.0,12108.39,256.23102,60.0,325.7712,30.651613,484.00958,3248.5845,108.36238,0.0,1.2142857,5.0,0,0,8
247.17796,54.0,54.0,5950.863,89.0,134.0243,118.002495,0.0,0.0,788.9583,75.54411,12.0,1.1539865,6.0,3,3,8
493.3397,54.0,78.0,6130.3584,1912.6357,60.0,588.3611,83.152756,496.6771,21071.719,327.04794,0.0,1.0,3.0,0,0,8
250.83116,54.0,54.0,605.32794,200.0,106.0,299.81848,14.951589,4.9059267,15219.391,93.72727,15.674499,1.2666667,3.0,3,2,8
638.0,54.0,54.0,8708.435,343.0,106.0,378.36652,346.081,567.1607,10740.824,91.45081,196.21983,2.0,5.0,3,3,8
1423.7853,54.0,54.0,17992.846,138.6005,106.0,459.17816,106.0543,576.7916,12573.419,87.21193,43.64281,2.9665077,3.0,3,2,8
106.0,54.0,54.0,4128.2134,79.0,68.333336,61.166668,0.0,0.0,70.58192,69.95112,0.0,0.5,13.0,0,2,8
140.60638,95.0,74.0,108.0,91.0,70.0,219.37498,0.0,0.0,16535.871,83.13006,0.0,0.5,0.0,0,0,8
1016.74896,54.0,54.0,8238.01,527.6103,106.0,708.084,457.59277,589.5312,65554.08,106.25005,246.05101,5.0719023,2.0,3,2,8
753.6321,54.0,54.0,991867.3,1438.7892,60.0,321.36758,1207.1432,656.75323,1451.9531,97.00128,268.6854,3.920044,38.708725,3,3,8
68.333336,89.0,94.0,147.57104,116.0,60.0,218.00844,0.0,0.0,8391.621,114.0,0.0,0.5,2.0,0,0,8
478.3446,54.0,54.0,8987.067,186.0,106.0,163.36644,85.63961,473.42297,1490.4174,82.0,46.20899,1.3846154,7.0,3,3,8
349.02844,54.0,54.0,23496.498,9819.466,60.0,679.11993,5332.853,681.0002,12980.722,529.1004,287.39944,2.1636646,37.63038,4,0,8
204.0,54.0,54.0,648.476,60.12753,155.54398,87.372635,0.0,0.0,533.59814,60.04922,0.0,0.75,5.0,0,2,8
116.329605,60.0,54.0,7484.774,82.0,106.0,89.0,0.0,0.0,30.366451,59.99816,0.0,0.5,8.0,0,0,8
156.0,54.0,54.0,5296.814,3551.2788,60.0,613.92114,674.9144,607.5638,29196.754,483.34518,12.0,1.2207538,5.0,3,0,8
1183.28,54.0,54.0,9784.29,115.0,60.0,419.1962,0.0,251.06393,9620.915,95.0,0.0,1.3571428,2.0,0,0,8
68.333336,54.0,54.0,5907.5586,1159.7675,60.0,135.00153,322.2073,489.56586,1294.0621,106.90259,23.853447,1.1111112,16.0,3,3,8
361.68842,54.0,54.0,518.0,624.0,60.0,532.14136,0.0,3.5,58308.945,216.0,0.0,1.0,2.0,0,0,8
1225.2034,54.0,54.0,17599.299,532.0,130.65372,543.9748,799.96783,630.2162,20468.3,91.0,393.99066,6.6423106,5.0,4,9,8
571.8056,54.0,54.0,9933.875,2462.266,60.0,653.31775,1216.1882,641.2375,24591.566,228.51462,226.35669,2.1766477,6.0,3,1,8
560.5096,54.0,54.0,37736.473,1514.0,60.0,290.6588,1151.1266,639.0509,2138.8816,106.2987,263.82068,2.1534824,23.152706,3,3,8
1028.7368,54.0,54.0,16452.77,157.56042,127.02943,356.29028,202.1933,577.2047,6315.6597,82.0,191.24248,2.9827733,5.0,3,3,8
345.29352,54.0,54.0,228.11438,60.0,293.9884,115.07754,0.0,0.0,2956.5266,54.0,0.0,0.85714287,2.0,0,2,8
468.29306,54.0,54.0,12349.039,1811.4681,60.0,345.852,669.4197,616.89526,4417.3066,136.07881,127.0,1.5,8.0,3,2,8
583.6003,54.0,54.0,18035.363,97.91605,105.0,133.9599,64.30197,494.22513,500.7993,78.0,14.0,1.3571428,9.0,3,3,8
728.5247,54.0,54.0,60465.406,303.1884,60.0,290.44977,83.36669,578.36035,1416.2823,106.346954,0.0,1.2668239,7.0,0,0,8
513.4786,54.0,70.0,550.17554,1159.4413,60.0,709.3626,0.0,11.785113,100164.72,268.77597,0.0,0.9980956,0.0,0,0,8
540.34576,54.0,54.0,5172.8423,3136.0,60.0,1192.308,886.4127,617.93665,204892.14,331.26303,153.49185,1.8855776,2.0,3,0,8
68.333336,54.0,54.0,8392.817,186.0,60.0,78.833336,27.419437,29.028784,97.126785,82.32644,1.0,0.75,174.09717,0,3,8
70.53693,54.0,54.0,636.0,155.56548,60.0,130.63695,0.0,0.0,1409.3097,90.97286,0.0,0.6666667,6.0,0,0,8
172.95334,54.0,54.0,224.1795,531.0001,60.0,447.81143,0.503947,0.0,65657.195,155.03795,8.0,1.0909091,2.0,0,0,8
605.43475,54.0,54.0,1098.0,63.290836,206.0,134.9925,0.0,0.0,2594.1216,60.0,0.0,1.0,2.0,0,0,8
60.0,87.0,95.0,1044.0,343.0,56.02898,93.07692,0.0,0.0,272.61417,119.6508,0.0,0.36343488,8.0,0,0,8
454.5655,54.0,54.0,4926.3496,3056.466,60.0,906.5149,856.66504,613.62726,125123.734,311.45963,158.70665,1.6695381,3.0,3,0,8
70.0,85.53508,54.0,120.0,115.0,68.333336,115.0,0.0,0.0,1023.4507,76.0,0.0,0.092880554,2.0,0,0,8
500.31747,54.0,60.0,6735.984,82.13264,60.0,133.86263,0.0,0.0,889.0736,82.0,0.0,0.75,4.0,0,0,8
82.63121,54.0,54.0,636.0,114.0,68.333336,114.0,0.0,0.0,1259.0457,82.35179,8.0,0.85714287,6.0,0,3,8
106.0,87.46769,54.0,120.0,94.0,82.13707,114.0,0.0,0.0,1510.1056,70.244095,0.0,0.25,1.0,0,0,8
60.0,92.45291,78.0,131.97527,115.0,60.0,114.0,0.0,0.0,1258.84,86.0,0.0,0.09148605,2.0,0,0,8
608.5995,54.0,54.0,9416.531,976.164,60.0,404.42783,113.198944,556.9052,7167.2563,155.95422,0.0,1.2457594,5.0,0,0,8
430.32367,54.0,82.0,2670.8928,115.578445,60.0,266.5728,0.0,0.0,4359.424,111.9904,0.0,0.6666667,2.0,0,0,8
344.73334,54.0,54.0,6761.5684,2382.713,60.0,444.86368,627.01355,595.67175,17322.502,186.0395,94.0764,1.4285715,5.0,3,0,8
158.37436,54.0,54.0,9282.606,91.0,60.0,86.82608,0.0,11.785113,110.06549,78.0,0.0,0.84846985,16.992283,0,2,8
60.0,54.0,78.0,517.0,1292.0155,60.0,222.18321,0.0,0.0,3953.7444,217.19252,0.0,0.5,5.0,0,0,8
641.7862,54.0,54.0,2525.0012,76.0,248.09418,219.7978,0.0,0.0,5385.0747,66.16532,11.0,1.3333334,2.0,0,3,8
70.0,93.85714,60.0,120.0,114.00347,69.48946,114.0,0.0,0.0,2438.692,78.07669,0.0,0.14947547,1.0,0,0,8
377.47357,54.0,54.0,7923.136,97.0,60.0,135.6643,0.0,0.0,802.3094,89.0,0.0,0.7777778,5.0,0,0,8
517.0,54.0,54.0,1359.2373,79.0,229.67426,148.97885,0.0,0.0,3423.9282,72.159706,11.0,1.25,3.0,0,3,8
1398.4257,54.0,54.0,79156.72,526.0,60.0,456.55206,585.1316,625.3156,7898.132,96.95764,153.1601,3.9081714,5.0,3,2,8
597.7228,54.0,54.0,10199.388,2509.693,60.0,700.8728,1341.5063,651.27295,33269.59,225.30179,299.06555,3.3308191,6.0,3,2,8
356.8525,54.0,54.0,6446.257,82.0,82.0,115.63787,0.0,0.0,546.46497,77.0,0.0,0.84389746,5.0,0,0,8
71.984856,93.07692,60.0,169.36339,114.0,66.18231,114.0,0.0,0.0,1412.4127,78.0,0.0,0.24568947,2.0,0,0,8
106.0,54.0,54.0,6325.7817,88.0,64.32876,61.166668,0.0,0.0,58.141827,74.0,0.0,0.6666667,50.083973,0,3,8
567.22266,54.0,54.0,600.56305,64.88479,226.0,136.62851,0.0,0.0,3745.4631,55.0,0.0,0.8761199,2.0,0,0,8
68.333336,61.12751,75.5,5235.081,114.0,60.0,106.32644,0.0,0.0,40.83964,76.0,0.0,0.25077745,9.0,0,0,8
356.9685,54.0,54.0,12712.992,874.3599,60.0,241.62064,119.62548,551.4373,1232.5255,137.13824,0.0,1.0,8.0,0,0,8
94.15998,54.0,54.0,2808.3354,372.81296,60.0,141.3329,14.170994,11.785113,1598.2037,112.7023,0.0,0.78285944,6.0,0,0,8
688.00305,54.0,54.0,16439.027,362.25708,70.0,353.87534,395.76633,594.89307,4993.914,93.880035,103.33985,1.8861135,6.0,3,2,8
483.76855,54.0,60.0,508.0,190.0,60.0,423.21396,0.0,0.0,33365.363,135.04762,0.0,0.85714287,1.0,0,0,8
650.0,54.0,54.0,17418.36,526.0,60.0,341.0459,90.701584,564.8259,3010.714,115.0,0.0,1.25,6.0,0,0,8
604.2464,79.0,54.0,659.0,60.0,245.81879,92.41565,0.0,0.0,591.90076,54.0,0.0,0.625,2.0,0,0,8
253.55095,54.0,54.0,638.0123,79.0,172.79784,109.07578,0.0,0.0,1464.5018,64.774055,13.0,1.1428572,5.0,3,7,8
254.81647,54.0,54.0,634.8249,58.437122,166.0806,84.25,0.0,0.0,533.9704,55.0,0.0,0.8178346,4.0,0,3,8
627.08704,54.0,54.0,636.0,70.0964,228.68706,220.49533,0.0,0.0,7189.1406,60.0,0.0,1.1044979,2.0,0,0,8
224.50993,54.0,54.0,9589.699,1179.7345,60.0,216.47488,209.54453,550.7328,1226.1523,116.0,6.0,1.0,10.63739,0,0,8
68.333336,54.0,54.0,5165.7104,353.08774,60.0,127.915596,15.298063,12.5,568.5901,106.57812,0.0,0.6666667,9.0,0,0,8
60.0,76.0,90.0,5170.1104,662.8751,60.0,124.15591,0.0,11.785113,427.5027,156.72443,0.0,0.5,10.04706,0,0,8
604.02997,54.0,54.0,14426.502,86.0,70.0,131.1963,0.0,14.552995,357.86084,77.61783,0.0,1.0606554,7.0,0,0,8
534.2827,54.0,54.0,16018.574,977.8438,60.0,298.63782,530.9052,597.462,2907.2993,114.0,19.0,1.4117647,8.0,3,1,8
442.2525,54.0,54.0,12853.749,186.0,82.0,135.00056,125.11763,514.1592,599.7109,82.0,30.953562,1.3571428,12.017366,3,3,8
106.0,69.76726,54.0,510.0,114.0,70.0,114.0,0.0,0.0,164.55971,71.33384,0.0,0.25,3.0,0,0,8
106.8329,54.0,54.0,8321.954,96.0,60.0,91.0,0.0,0.0,128.09648,82.0,0.0,0.6666667,13.0,0,0,8
816.349,54.0,54.0,144338.92,1176.3623,70.0,393.24094,1160.2236,650.6745,4650.768,95.0,316.005,5.921779,8.0,3,5,8
717.3018,54.0,54.0,1179947.8,2435.893,60.0,403.30695,3204.938,679.3159,2591.58,126.66268,361.33463,6.124408,163.61766,4,3,8
459.93814,54.0,54.0,18169.12,4810.42,60.0,609.5514,3763.191,673.8915,12862.255,321.98877,297.811,2.4925294,16.0,4,2,8
665.94666,54.0,54.0,293054.0,1850.1449,60.0,382.8611,1856.695,664.8679,3316.7397,112.609535,339.40356,5.711114,26.325842,4,5,8
60.0,93.07692,87.098434,205.0,94.0,60.0,96.3464,0.0,0.0,1219.3722,90.79407,0.0,0.27008215,3.0,0,0,8
344.73862,54.0,66.0,5910.6426,114.0,60.0,177.45001,0.0,0.0,1557.002,95.37372,0.0,0.6666667,5.0,0,0,8
91.77205,54.0,54.0,8200.742,615.7099,60.0,132.87033,211.7231,495.49396,576.9793,100.21257,13.0,1.0,26.194752,3,3,8
60.0,86.147934,76.0,120.0,118.0,54.0,116.0,0.0,0.0,1071.2863,85.0,0.0,0.0,2.0,0,0,8
486.11902,54.0,54.0,16713.637,2469.7693,60.0,426.28748,666.53143,626.5956,5123.99,305.25262,7.0,1.245111,8.0,0,0,8
72.5,54.0,54.0,8170.127,2448.8997,60.0,254.53781,527.97534,578.3918,1662.8092,288.10477,0.0,0.8,15.0,0,0,8
617.10895,54.0,54.0,7120.046,60.0,190.50237,119.27581,0.0,0.0,646.17566,60.0,0.0,1.0,3.0,0,0,8
60.0,61.714287,77.74829,237.03783,116.0,60.0,114.756714,0.0,0.0,144.23888,81.0,0.0,0.0,5.0,0,0,8
108.20844,54.0,89.0,7633.9756,1769.0275,60.0,271.33334,62.868755,347.53574,2401.7007,258.50803,0.0,0.5233902,6.0,0,0,8
106.642975,54.0,54.0,17474.78,1569.8488,60.0,134.66667,592.75104,601.7135,315.67584,115.70826,12.0,1.1111112,214.54236,3,2,8
501.67316,54.0,54.0,17154.613,86.0,70.0,93.07692,0.0,15.418011,112.58461,76.0,0.0,1.0,12.0,0,0,8
487.125,54.0,54.0,530.0,54.0,266.69302,78.0,0.0,0.0,498.09897,54.0,0.0,0.6666667,2.0,0,2,8
191.72746,54.0,54.0,4777.42,1721.9097,60.0,370.79694,439.0517,535.8447,12079.458,156.28073,22.0,1.2857143,5.0,3,0,8
60.0,87.35719,106.3715,1075.0144,118.0,60.0,114.0,0.0,0.0,136.39418,114.0,0.0,0.16677569,7.0,0,0,8
110.6065,54.0,60.0,3626.659,579.8338,60.0,253.76051,0.5035257,15.371781,3340.22,156.0062,0.0,0.6666667,5.0,0,0,8
72.103745,90.04724,82.0,612.8933,92.0,60.0,92.952484,0.0,0.0,415.63788,82.482864,0.0,0.5,5.0,0,0,8
545.28156,54.0,54.0,530.0,119.42982,60.0,432.46738,0.0,0.0,43512.016,106.61116,0.0,1.1428572,1.0,0,0,8
491.6496,54.0,54.0,24291.357,186.0,60.0,130.66667,89.777534,540.55,189.98212,82.0,11.0,1.2307693,32.945705,3,2,8
60.0,61.166668,89.0,533.0,114.0,0.0,114.0,0.0,0.0,103.300026,91.0,0.0,0.091466874,7.3158154,0,0,8
1406.4272,54.0,54.0,5171.0,60.0,254.90475,257.55295,0.0,0.0,7164.8467,54.0,0.0,1.2778002,0.0,0,0,8
109.50775,54.0,54.0,1381.2668,2398.9883,60.0,405.4358,278.46692,503.08682,15470.317,258.91476,8.0,1.0004437,5.0,0,0,8
652.6703,54.0,54.0,17738.129,287.788,105.843666,290.29498,472.55606,596.34143,3119.4954,87.0,199.43987,2.0818229,7.0,3,3,8
205.93782,54.0,54.0,8355.619,4728.383,60.0,553.0283,1249.1368,638.7453,17218.555,397.34152,51.631657,1.3636364,7.0,3,0,8
60.0,85.565216,114.0,614.0,199.51445,0.0,98.0,0.0,0.0,181.51234,114.0,0.0,0.2,8.0,0,0,8
106.0,91.817986,54.0,0.0,114.0,68.333336,115.0,0.0,0.0,3133.3442,73.15639,0.0,0.0,0.0,0,0,8
344.73334,76.0,89.65877,498.36826,122.80507,60.0,338.66663,0.0,0.0,14761.439,115.584595,0.0,0.5,2.0,0,0,8
60.0,85.25803,80.90791,120.0,118.0,16.747204,115.17233,0.0,0.0,658.6106,89.0,0.0,0.0,2.0,0,0,8
339.50027,54.0,82.0,9245.221,2733.1145,54.0,450.62094,474.54126,598.7108,6803.3984,477.59042,0.0,0.88869137,6.0,0,0,8
60.0,104.72587,89.0,192.52357,114.0,60.0,125.52065,0.0,0.0,2326.461,96.0,0.0,0.25022984,2.0,0,0,8
647.4611,54.0,54.0,30222.375,1779.6992,60.0,403.96765,1156.9591,646.6296,5319.8315,115.01136,247.88606,2.6039631,8.0,3,3,8
531.0057,54.0,54.0,420.0,54.0,518.0,104.14634,0.0,0.0,2255.9329,54.0,0.0,0.91501766,2.0,0,2,8
146.05832,54.0,54.0,6017.8716,1793.6761,60.0,329.06854,106.3117,484.32812,5062.5938,230.28835,0.0,0.85714287,6.0,0,0,8
517.0,54.0,54.0,195.87646,186.0,60.0,672.9569,0.0,0.0,234176.03,147.8792,0.0,1.0,0.0,0,0,8
600.0889,54.0,54.0,18034.842,1514.0,60.0,352.27277,627.92816,617.5061,3601.5068,115.118034,51.24933,1.5685248,8.0,3,2,8
1231.1337,54.0,54.0,13011.258,186.0,130.0,423.26105,224.91492,582.6148,12711.516,83.0,225.64568,4.927884,4.0,3,3,8
574.77563,54.0,54.0,942.9612,1852.6859,60.0,1062.521,96.77009,484.01282,188881.0,310.11603,1.0,1.25,2.0,0,0,8
1106.3907,54.0,54.0,22784.705,526.0,82.0,432.71585,621.79865,621.6481,9144.295,93.72727,259.48114,5.190149,5.0,3,3,8
477.51126,82.0,54.0,205.0,73.0,179.34795,133.04555,0.0,0.0,4063.002,65.421524,0.0,0.5,0.0,0,0,8
693.2534,54.0,54.0,61932.758,769.69257,70.0,348.62692,766.91547,636.97876,3330.2996,95.0,272.9602,3.250105,9.0,3,3,8
68.333336,95.0,80.0,145.0,89.0,60.0,124.57519,0.0,0.0,3015.6165,86.0,0.0,0.33797148,2.0,0,0,8
760.8695,54.0,54.0,10211.247,186.0,132.03423,351.34674,167.94745,553.2404,7519.2593,82.0,192.60635,2.5,5.0,3,3,8
